State Name,District Name,Sub-district Name
Odisha,Kendrapara,Aali
Arunachal Pradesh,West Siang,Aalo Hq
Chhattisgarh,Uttar Bastar Kanker,Aamabeda
Rajasthan,Phalodi,Aau
Rajasthan,Banswara,Abapura
Gujarat,Kachchh,Abdasa
Telangana,Ranga Reddy,Abdullapurmet
Chhattisgarh,Raipur,Abhanpur
Punjab,Fazilka,Abohar
Nagaland,Mon,Aboi
Gujarat,Surat,Abrama
Rajasthan,Sirohi,Abu Road
Maharashtra,Amravati,Achalpur
Telangana,Nagarkurnool,Achampet
Andhra Pradesh,West Godavari,Achanta
Gujarat,Surat,Adajan
Haryana,Hisar,Adampur
Punjab,Jalandhar,Adampur
Bihar,Purbi Champaran,Adapur
Delhi,North,Adarsh Nagar
Telangana,Nalgonda,Adavidevulapalli
Chhattisgarh,Sakti,Adbhar
Telangana,Yadadri Bhuvanagiri,Adda Guduru
Telangana,Mahabubnagar,Addakal
Andhra Pradesh,Prakasam,Addanki
Andhra Pradesh,Polavaram,Addateegala
Madhya Pradesh,Jabalpur,Adhartal
Bihar,Kaimur (Bhabua),Adhaura
Uttarakhand,Chamoli,Adibadri
Telangana,Adilabad,Adilabad Rural
Telangana,Adilabad,Adilabad Urban
Jharkhand,Saraikela Kharsawan,Adityapur(Gamharia)
Meghalaya,North Garo Hills,Adokgre
Andhra Pradesh,Kurnool,Adoni
Andhra Pradesh,Kurnool,Adoni-2
Kerala,Pathanamthitta,Adoor
Karnataka,Kalaburagi,Afzalpur
Andhra Pradesh,Sri Sathya Sai,Agali
Odisha,Balangir,Agalpur
Assam,Dhubri,Agamoni
Madhya Pradesh,Agar-Malwa,Agar
Tamil Nadu,Kanniyakumari,Agastheeswaram
Lakshadweep,Lakshadweep District,Agatti
Nagaland,Zunheboto,Aghunato
Bihar,Bhojpur,Agiaon
Andhra Pradesh,Eluru,Agiripalli
Uttar Pradesh,Agra,Agra
Maharashtra,Gadchiroli,Aheri
Chhattisgarh,Durg,Ahiwara
Maharashtra,Latur,Ahmadpur
Punjab,Malerkotla,Ahmedgarh
Rajasthan,Jalore,Ahore
Gujarat,Dangs,Ahwa
Mizoram,Aizawl,Aibawk
Andhra Pradesh,Dr. B.R. Ambedkar Konaseema,Ainavilli
Nagaland,Wokha,Aitepyong
Jammu And Kashmir,Bandipora,Ajas
Madhya Pradesh,Panna,Ajaygarh
Chhattisgarh,Korba,Ajgarbahar
Uttar Pradesh,Auraiya,Ajitmal
Karnataka,Chikkamagaluru,Ajjampura
Rajasthan,Ajmer,Ajmer
Punjab,Amritsar,Ajnala
Maharashtra,Kolhapur,Ajra
Chhattisgarh,Janjgir-Champa,Akaltara
Uttar Pradesh,Kanpur Dehat,Akbarpur
Uttar Pradesh,Ambedkar Nagar,Akbarpur
Bihar,Nawada,Akbarpur
Telangana,Siddipet,Akberpet-Bhoompally
Jammu And Kashmir,Jammu,Akhnoor
Andhra Pradesh,West Godavari,Akividu
Maharashtra,Solapur,Akkalkot
Maharashtra,Nandurbar,Akkalkuwa
Telangana,Siddipet,Akkannapet
Rajasthan,Jhalawar,Aklera
Maharashtra,Akola,Akola
Maharashtra,Ahilyanagar,Akole
Bihar,Rohtas,Akorhi Gola
Maharashtra,Akola,Akot
Maharashtra,Nandurbar,Akrani
Nagaland,Zunheboto,Akuhaito
Nagaland,Zunheboto,Akuluto
Telangana,Yadadri Bhuvanagiri,Alair
Bihar,Madhepura,Alamnagar
Himachal Pradesh,Kangra,Alampur
Telangana,Jogulamba Gadwal,Alampur
Andhra Pradesh,Dr. B.R. Ambedkar Konaseema,Alamuru
Karnataka,Kalaburagi,Aland
Tamil Nadu,Chennai,Alandur
Tamil Nadu,Pudukkottai,Alangudi
Tamil Nadu,Tenkasi,Alangulam
Tamil Nadu,Perambalur,Alathur
Kerala,Palakkad,Alathur
Bihar,Khagaria,Alauli
Jharkhand,Gumla,Albert Ekka(Jari)
Haryana,Jind,Alewa
Assam,Hailakandi,Algapur
Maharashtra,Raigad,Alibag
Uttar Pradesh,Etah,Aliganj
Rajasthan,Tonk,Aligarh
Bihar,Darbhanga,Alinagar
West Bengal,Alipurduar,Alipurduar - I
West Bengal,Alipurduar,Alipurduar - II
Madhya Pradesh,Alirajpur,Alirajpur
Telangana,Medak,Alladurg
Andhra Pradesh,Nandyal,Allagadda
Uttar Pradesh,Prayagraj,Allahabad
Telangana,Bhadradri Kothagudem,Allapalli
Uttar Pradesh,Ambedkar Nagar,Allapur
Andhra Pradesh,Dr. B.R. Ambedkar Konaseema,Allavaram
Andhra Pradesh,Sri Potti Sriramulu Nellore,Allur
Karnataka,Vijayapura,Almel
Uttarakhand,Almora,Almora
Karnataka,Dharwad,Alnavar
Nagaland,Mokokchung,Alongkima
Telangana,Nizamabad,Aloor
Jammu And Kashmir,Bandipora,Aloosa
Madhya Pradesh,Ratlam,Alot
Andhra Pradesh,Kurnool,Alur
Karnataka,Hassan,Alur
Kerala,Ernakulam,Aluva
Telangana,Medchal Malkajgiri,Alwal
Rajasthan,Alwar,Alwar
Andhra Pradesh,Sri Sathya Sai,Amadagur
Andhra Pradesh,Srikakulam,Amadalavalasa
Nagaland,Kiphire,Amahator
Andhra Pradesh,Dr. B.R. Ambedkar Konaseema,Amalapuram
Maharashtra,Jalgaon,Amalner
Telangana,Ranga Reddy,Amangal
Madhya Pradesh,Panna,Amanganj
Andhra Pradesh,Sri Sathya Sai,Amarapuram
Andhra Pradesh,Palnadu,Amaravathi
Telangana,Wanaparthy,Amarchintha
Punjab,Malerkotla,Amargarh
Uttar Pradesh,Pilibhit,Amariya
Madhya Pradesh,Maihar,Amarpatan
Tripura,Gomati,Amarpur
Bihar,Banka,Amarpur
Andhra Pradesh,Bapatla,Amarthalur
Madhya Pradesh,Chhindwara,Amarwara
Bihar,Gaya,Amas
Himachal Pradesh,Una,Amb
Odisha,Bargarh,Ambabhona
Maharashtra,Jalna,Ambad
Chhattisgarh,Mohla-Manpur-Ambagarh Chouki,Ambagarh Chouki
Madhya Pradesh,Morena,Ambah
Andhra Pradesh,Dr. B.R. Ambedkar Konaseema,Ambajipeta
Haryana,Ambala,Ambala
Haryana,Ambala,Ambala Cantonment
Kerala,Alappuzha,Ambalappuzha
Maharashtra,Thane,Ambarnath
Tamil Nadu,Tirunelveli,Ambasamudram
Tripura,Dhalai,Ambassa
Tamil Nadu,Chennai,Ambattur
Maharashtra,Pune,Ambegaon
Maharashtra,Beed,Ambejogai
Rajasthan,Jaipur,Amber
Telangana,Hyderabad,Amberpet
Gujarat,Surat,Ambika
Chhattisgarh,Surguja,Ambikapur
Tamil Nadu,Tirupathur,Ambur
Bihar,Katihar,Amdabad
West Bengal,North 24 Parganas,Amdanga
Telangana,Sangareddy,Ameenpur
Telangana,Hyderabad,Ameerpet
Rajasthan,Rajsamand,Amet
Uttar Pradesh,Amethi,Amethi
Maharashtra,Gondia,Amgaon
Assam,Sivasagar,Amguri
Lakshadweep,Lakshadweep District,Amini
Tamil Nadu,Chennai,Aminjikarai
Gujarat,Banas Kantha,Amirgadh
Madhya Pradesh,Betul,Amla
Meghalaya,West Jaintia Hills,Amlarem
Chhattisgarh,Gariyaband,Amlipadar
Punjab,Fatehgarh Sahib,Amloh
Bihar,Saran,Amnour
Gujarat,Bharuch,Amod
Bihar,Purnia,Amour
Telangana,Nagarkurnool,Amrabad
Jharkhand,Pakur,Amrapara
Maharashtra,Amravati,Amravati
Gujarat,Amreli,Amreli
Gujarat,Amreli,Amreli-City
Uttar Pradesh,Farrukhabad,Amritpur
Punjab,Amritsar,Amritsar -I
Punjab,Amritsar,Amritsar- II
Uttar Pradesh,Amroha,Amroha
West Bengal,Howrah,Amta - I
West Bengal,Howrah,Amta - II
Tamil Nadu,Vellore,Anaicut
Tamil Nadu,Coimbatore,Anaimalai
Andhra Pradesh,Anakapalli,Anakapalli
Odisha,Keonjhar,Anandapur
Andhra Pradesh,Visakhapatnam,Anandapuram
Gujarat,Anand,Anand City
Jharkhand,West Singhbhum,Anandpur
Rajasthan,Banswara,Anandpuri
Punjab,Rupnagar,Anandpur Sahib
Gujarat,Anand,Anand Rural
Andhra Pradesh,Ananthapuramu,Anantapur Rural
Andhra Pradesh,Ananthapuramu,Anantapur Urban
Andhra Pradesh,Alluri Sitharama Raju,Ananthagiri
Telangana,Suryapet,Ananthagiri
Andhra Pradesh,Sri Potti Sriramulu Nellore,Ananthasagaram
Jammu And Kashmir,Anantnag,Anantnag
Jammu And Kashmir,Anantnag,Anantnag East (Mattan)
Andhra Pradesh,East Godavari,Anaparthi
Tamil Nadu,Krishnagiri,Anchetty
West Bengal,Paschim Bardhaman,Andal
Bihar,Siwan,Andar
Maharashtra,Mumbai Suburban,Andheri
Rajasthan,Jaipur,Andhi
Bihar,Madhubani,Andhratharhi
Tamil Nadu,Ariyalur,Andimadam
Tamil Nadu,Theni,Andipatti
Telangana,Sangareddy,Andole
Lakshadweep,Lakshadweep District,Andrott
Karnataka,Bengaluru Urban,Anekal
Arunachal Pradesh,Dibang Valley,Anelih
Jharkhand,Ranchi,Angara
Nagaland,Mon,Angjangyang
Odisha,Angul,Angul
Himachal Pradesh,Kullu,Ani
Arunachal Pradesh,Dibang Valley,Anini
Madhya Pradesh,Barwani,Anjad
Maharashtra,Amravati,Anjangaon Surji
Gujarat,Kachchh,Anjar
Gujarat,Anand,Anklav
Gujarat,Bharuch,Anklesvar
Karnataka,Uttara Kannada,Ankola
Telangana,Bhadradri Kothagudem,Annapureddypalli
Karnataka,Dharwad,Annigeri
Tamil Nadu,Coimbatore,Annur
Rajasthan,Baran,Anta
Chhattisgarh,Uttar Bastar Kanker,Antagarh
Rajasthan,Bhilwara,Antali
Telangana,Peddapalli,Anthergaon
Tamil Nadu,Erode,Anthiyur
Andhra Pradesh,Sri Potti Sriramulu Nellore,Anumasamudrampeta
Telangana,Nalgonda,Anumula
Rajasthan,Ganganagar,Anupgarh
Madhya Pradesh,Anuppur,Anuppur
Uttar Pradesh,Bulandshahr,Anupshahr
Uttar Pradesh,Bareilly,Aonla
Nagaland,Niuland,Aquqhnaqua
Rajasthan,Ajmer,Arain
Karnataka,Raichur,Arakera
Tamil Nadu,Ranipet,Arakonam
Andhra Pradesh,Alluri Sitharama Raju,Araku Valley
West Bengal,Hooghly,Arambag
Chhattisgarh,Raipur,Arang
Tamil Nadu,Tiruvannamalai,Arani
Tamil Nadu,Pudukkottai,Aranthangi
Bihar,Araria,Araria
Tamil Nadu,Karur,Aravakurichi
Tamil Nadu,Ranipet,Arcot
Maharashtra,Nanded,Ardhapur
Andhra Pradesh,Markapuram,Ardhaveedu
Bihar,Purbi Champaran,Areraj
Gujarat,Surat,Areth
Bihar,Sheikhpura,Ariari
Jammu And Kashmir,Pulwama,Aripal
Tamil Nadu,Ariyalur,Ariyalur
Chhattisgarh,Balod,Arjunda
Maharashtra,Gondia,Arjuni Morgaon
Karnataka,Hassan,Arkalgud
Himachal Pradesh,Solan,Arki
Telangana,Nizamabad,Armoor
Maharashtra,Gadchiroli,Armori
Jammu And Kashmir,Reasi,Arnas
Maharashtra,Yavatmal,Arni
Jammu And Kashmir,Jammu,Arnia
Rajasthan,Pratapgarh,Arnod
Madhya Pradesh,Guna,Aron
Bihar,Bhojpur,Arrah
West Bengal,Purulia,Arsha
Karnataka,Hassan,Arsikere
Rajasthan,Banswara,Arthuna
Tamil Nadu,Virudhunagar,Aruppukkottai
Maharashtra,Wardha,Arvi
Bihar,Arwal,Arwal
Bihar,Munger,Asarganj
Gujarat,Ahmedabad,Asarva
Madhya Pradesh,Ashoknagar,Ashoknagar
Madhya Pradesh,Sehore,Ashta
Maharashtra,Beed,Ashti
Maharashtra,Wardha,Ashti
Telangana,Kumuram Bheem Asifabad,Asifabad
Telangana,Hyderabad,Asif Nagar
Odisha,Ganjam,Asika
Rajasthan,Bhilwara,Asind
Rajasthan,Jhalawar,Asnawar
Andhra Pradesh,Kurnool,Aspari
Rajasthan,Dungarpur,Aspur
Haryana,Karnal,Assandh
Jammu And Kashmir,Doda,Assar
Odisha,Puri,Astaranga
Bihar,Nalanda,Asthawan
Nagaland,Zunheboto,Asuto
Telangana,Bhadradri Kothagudem,Aswapuram
Telangana,Bhadradri Kothagudem,Aswaraopeta
Uttar Pradesh,Banda,Atarra
Andhra Pradesh,Palnadu,Atchampet
Andhra Pradesh,Anakapalli,Atchuthapuram
Haryana,Mahendragarh,Ateli
Madhya Pradesh,Bhind,Ater
Assam,Dhubri,Athani
Odisha,Cuttack,Athgarh
Nagaland,Peren,Athibung
Telangana,Hanumakonda,Athmakur
Bihar,Patna,Athmalgola
Odisha,Angul,Athmallik
Madhya Pradesh,Betul,Athner
Karnataka,Belagavi,Athni
Jammu And Kashmir,Kishtwar,Atholi (Paddar)
Tamil Nadu,Dindigul,Athoor
Andhra Pradesh,Ntr,Atlapragada Konduru
Andhra Pradesh,Y.S.R. Kadapa,Atlur
Andhra Pradesh,Nandyal,Atmakur
Andhra Pradesh,Ananthapuramu,Atmakur
Telangana,Wanaparthy,Atmakur
Andhra Pradesh,Sri Potti Sriramulu Nellore,Atmakur
Telangana,Yadadri Bhuvanagiri,Atmakur (M)
Telangana,Suryapet,Atmakur (S)
Nagaland,Zunheboto,Atoizu
Maharashtra,Sangli,Atpadi
Uttar Pradesh,Aligarh,Atrauli
Andhra Pradesh,Dr. B.R. Ambedkar Konaseema,Atreyapuram
Bihar,Gaya,Atri
Rajasthan,Baran,Atru
Odisha,Bargarh,Attabira
Andhra Pradesh,West Godavari,Attili
Tamil Nadu,Salem,Attur
Maharashtra,Hingoli,Aundha (Nagnath)
Chhattisgarh,Mohla-Manpur-Ambagarh Chouki,Aundhi
Karnataka,Bidar,Aurad
Bihar,Muzaffarpur,Aurai
Uttar Pradesh,Bhadohi,Aurai
Uttar Pradesh,Auraiya,Auraiya
Bihar,Aurangabad,Aurangabad
Maharashtra,Latur,Ausa
West Bengal,Purba Bardhaman,Ausgram - I
West Bengal,Purba Bardhaman,Ausgram - II
Himachal Pradesh,Mandi,Aut
Tamil Nadu,Thiruvallur,Avadi
Andhra Pradesh,Krishna,Avanigadda
Madhya Pradesh,Shajapur,Avantipur Barodia
Tamil Nadu,Tiruppur,Avinashi
Tamil Nadu,Pudukkottai,Avudayarkoil
Jammu And Kashmir,Pulwama,Awantipora
Tamil Nadu,Chennai,Ayanavaram
Uttar Pradesh,Azamgarh,Azamgarh
Bihar,Katihar,Azamnagar
Assam,Kamrup Metro,Azara
Punjab,Amritsar,Baba Bakala
Haryana,Kurukshetra,Babain St
Karnataka,Vijayapura,Babaleshwar
Uttar Pradesh,Banda,Baberu
Gujarat,Amreli,Babra
Bihar,Madhubani,Babubarhi
Maharashtra,Yavatmal,Babulgaon
Telangana,Jangoan,Bachannapet
Bihar,Begusarai,Bachhwara
Telangana,Medchal Malkajgiri,Bachupally
Madhya Pradesh,Tikamgarh,Badagaon (Dhasan)
Madhya Pradesh,Chhatarpur,Bada Malhera
Karnataka,Bagalkote,Badami
Andhra Pradesh,Vizianagaram,Badangi
Delhi,South East,Badarpur
Assam,Sribhumi,Badarpur
Madhya Pradesh,Shivpuri,Badarwas
Odisha,Mayurbhanj,Badasahi
Himachal Pradesh,Solan,Baddi
Chhattisgarh,Dakshin Bastar Dantewada,Bade Bacheli
Chhattisgarh,Kondagaon,Baderajpur
Rajasthan,Udaipur,Badgaon
Haryana,Charkhi Dadri,Badhra
Madhya Pradesh,Raisen,Badi
Haryana,Faridabad,Badkhal
Uttar Pradesh,Jaunpur,Badlapur
Haryana,Jhajjar,Badli
Delhi,North,Badli
Madhya Pradesh,Ujjain,Badnagar
Maharashtra,Jalna,Badnapur
Madhya Pradesh,Dhar,Badnawar
Rajasthan,Beawar,Badnor
Madhya Pradesh,Agar-Malwa,Badod
Madhya Pradesh,Sheopur,Badoda
Haryana,Gurugram,Badshahpur St
West Bengal,North 24 Parganas,Baduria
Andhra Pradesh,Y.S.R. Kadapa,Badvel
Madhya Pradesh,Katni,Badwara
Himachal Pradesh,Mandi,Bagachnogi
Bihar,Pashchim Champaran,Bagaha
Karnataka,Bagalkote,Bagalkot
Assam,Baksa,Baganpara (Pt)
Gujarat,Amreli,Bagasara
Chhattisgarh,Jashpur,Bagbahar
Chhattisgarh,Mahasamund,Bagbahra
West Bengal,North 24 Parganas,Bagda
Karnataka,Chikkaballapura,Bagepalli
Uttarakhand,Bageshwar,Bageshwar
Punjab,Moga,Bagha Purana
Assam,Barpeta,Baghbor
Meghalaya,South Garo Hills,Baghmara
Jharkhand,Dhanbad,Baghmara-Cum-Katras
Uttar Pradesh,Baghpat,Baghpat
Nagaland,Wokha,Baghty
Chhattisgarh,Jashpur,Bagicha
Rajasthan,Banswara,Bagidora
Maharashtra,Nashik,Baglan
Madhya Pradesh,Dewas,Bagli
West Bengal,Purulia,Bagmundi
West Bengal,Howrah,Bagnan - I
West Bengal,Howrah,Bagnan - II
Jharkhand,Giridih,Bagodar
Rajasthan,Jalore,Bagora
Arunachal Pradesh,West Siang,Bagra Circle
Assam,Kokrajhar,Bagribari (Pt)
Himachal Pradesh,Mandi,Bagshad
Uttarakhand,Almora,Bagwalipokhar
Uttar Pradesh,Agra,Bah
Bihar,Kishanganj,Bahadurganj
Haryana,Jhajjar,Bahadurgarh
Bihar,Darbhanga,Bahadurpur
Madhya Pradesh,Ashoknagar,Bahadurpur
Telangana,Hyderabad,Bahadurpura
Odisha,Mayurbhanj,Bahalda
Haryana,Bhiwani,Bahal St
Odisha,Balasore,Bahanaga
Jharkhand,East Singhbum,Baharagora
Madhya Pradesh,Sidhi,Bahari
Uttar Pradesh,Bareilly,Baheri
Bihar,Darbhanga,Baheri
Haryana,Palwal,Bahin St
Madhya Pradesh,Katni,Bahoriband
Puducherry,Puducherry,Bahour
Uttar Pradesh,Bahraich,Bahraich
Rajasthan,Dausa,Bahrawanda
Jammu And Kashmir,Jammu,Bahu
Madhya Pradesh,Balaghat,Baihar
Himachal Pradesh,Kangra,Baijnath
Rajasthan,Dausa,Baijupara
Bihar,Gopalganj,Baikunthpur
Chhattisgarh,Korea,Baikunthpur
Karnataka,Belagavi,Bailahongala
Karnataka,Udupi,Bainduru
Madhya Pradesh,Shivpuri,Bairad
Andhra Pradesh,Chittoor,Baireddipalle
Bihar,Sitamarhi,Bairgania
Bihar,Pashchim Champaran,Bairia
Uttar Pradesh,Ballia,Bairia
Bihar,Purnia,Baisa
Bihar,Purnia,Baisi
Madhya Pradesh,Dindori,Bajag
Assam,Bajali,Bajali (Pt)
Meghalaya,North Garo Hills,Bajengdoba
Rajasthan,Bikaner,Bajju
Madhya Pradesh,Ratlam,Bajna
Bihar,Sitamarhi,Bajpatti
Uttarakhand,Udham Singh Nagar,Bajpur
Rajasthan,Jhalawar,Bakani
Chhattisgarh,Bastar,Bakavand
Bihar,Begusarai,Bakhri
Bihar,Patna,Bakhtiarpur
Uttar Pradesh,Lucknow,Bakshi Ka Talab
Punjab,Shahid Bhagat Singh Nagar,Balachaur
West Bengal,Hooghly,Balagarh
Madhya Pradesh,Balaghat,Balaghat
Jammu And Kashmir,Poonch,Balakote
Telangana,Mahabubnagar,Balanagar
Telangana,Medchal Malkajgiri,Balanagar
Odisha,Balangir,Balangir
Maharashtra,Akola,Balapur
Telangana,Ranga Reddy,Balapur
West Bengal,Purulia,Balarampur
Gujarat,Mahisagar,Balasinor
Odisha,Balasore,Balasore
Andhra Pradesh,Tirupati,Balayapalli
Madhya Pradesh,Tikamgarh,Baldeogarh
Uttar Pradesh,Sultanpur,Baldirai
Himachal Pradesh,Mandi,Baldwara
Arunachal Pradesh,West Kameng,Balemu Circle
Rajasthan,Jodhpur,Balesar
Uttarakhand,Tehri Garhwal,Balganga
Rajasthan,Karauli,Balghat
Himachal Pradesh,Mandi,Balh
Rajasthan,Pali,Bali
Bihar,Begusarai,Balia
Odisha,Khordha,Balianta
Odisha,Balasore,Baliapal
Jharkhand,Dhanbad,Baliapur
Himachal Pradesh,Mandi,Bali Chowki
Odisha,Kandhamal,Baliguda
Assam,Goalpara,Balijana
Arunachal Pradesh,Papum Pare,Balijan Adc
Andhra Pradesh,Parvathipuram Manyam,Balijipeta
Odisha,Jagatsinghapur,Balikuda
Odisha,Khordha,Balipatna
Odisha,Sundargarh,Balisankara
Telangana,Nizamabad,Balkonda
Haryana,Faridabad,Ballabgarh
Haryana,Karnal,Ballah St
Karnataka,Ballari,Ballari
Maharashtra,Chandrapur,Ballarpur
Uttar Pradesh,Ballia,Ballia
Andhra Pradesh,Prakasam,Ballikurava
West Bengal,Howrah,Bally Jagachha
Telangana,Nagarkurnool,Balmoor
Chhattisgarh,Balod,Balod
Chhattisgarh,Janjgir-Champa,Baloda
Chhattisgarh,Balodabazar-Bhatapara,Balodabazar
Uttar Pradesh,Balrampur,Balrampur
Chhattisgarh,Balrampur-Ramanujganj,Balrampur
Bihar,Katihar,Balrampur
Haryana,Hisar,Balsamand St
Jharkhand,Latehar,Balumath
West Bengal,Dakshin Dinajpur,Balurghat
West Bengal,Malda,Bamangola
Rajasthan,Sawai Madhopur,Bamanwas
Odisha,Sambalpur,Bamara
Arunachal Pradesh,East Kameng,Bameng Adc
Chhattisgarh,Janjgir-Champa,Bamhnidih
Madhya Pradesh,Raisen,Bamhori
Madhya Pradesh,Morena,Bamor
Madhya Pradesh,Guna,Bamori
Arunachal Pradesh,Bichom,Bana Eac
Andhra Pradesh,Nandyal,Banaganapalli
Odisha,Khordha,Banapur
West Bengal,Jalpaiguri,Banarhat
Odisha,Angul,Banarpal
Madhya Pradesh,Sagar,Banda
Uttar Pradesh,Banda,Banda
Madhya Pradesh,Sagar,Bandari
Chhattisgarh,Uttar Bastar Kanker,Bande
Arunachal Pradesh,Papum Pare,Banderdewa Circle
Jharkhand,West Singhbhum,Bandgaon
Madhya Pradesh,Umaria,Bandhavgarh
Odisha,Koraput,Bandhugaon
Andhra Pradesh,Nandyal,Bandi Atmakur
Rajasthan,Dausa,Bandikui
Jammu And Kashmir,Bandipora,Bandipora
Telangana,Hyderabad,Bandlaguda
Bihar,Muzaffarpur,Bandra
Odisha,Sundargarh,Banei
Assam,Nalbari,Banekuchi
Rajasthan,Bhilwara,Banera
Punjab,Shahid Bhagat Singh Nagar,Banga
Himachal Pradesh,Una,Bangana
Uttarakhand,Pithoragarh,Bangapani
Karnataka,Kolar,Bangarapet
Uttar Pradesh,Unnao,Bangarmau
Andhra Pradesh,Chittoor,Bangarupalem
Odisha,Mayurbhanj,Bangiriposi
Odisha,Balangir,Bangomunda
Jammu And Kashmir,Kathua,Bani
Bihar,Saran,Baniapur
Jammu And Kashmir,Ramban,Banihal
Himachal Pradesh,Kullu,Banjar
Bihar,Purbi Champaran,Banjaria
Bihar,Banka,Banka
Bihar,Purbi Champaran,Bankatwa
Bihar,Gaya,Banke Bazar
Madhya Pradesh,Narmadapuram,Bankhedi
Odisha,Cuttack,Banki
West Bengal,Bankura,Bankura - I
West Bengal,Bankura,Bankura - II
Bihar,Saharsa,Banma Itahri
Bihar,Purnia,Banmankhi
Jharkhand,Simdega,Bano
Gujarat,Navsari,Bansda
Uttar Pradesh,Ballia,Bansdih
Uttar Pradesh,Gorakhpur,Bansgaon
Uttar Pradesh,Siddharthnagar,Bansi
West Bengal,Dakshin Dinajpur,Bansihari
Jharkhand,Simdega,Bansjor
Odisha,Keonjhar,Banspal
Rajasthan,Kotputli-Behror,Bansur
Telangana,Kamareddy,Banswada
Rajasthan,Banswara,Banswara
Andhra Pradesh,Krishna,Bantumilli
Karnataka,Dakshina Kannada,Bantval
Telangana,Vikarabad,Bantwaram
Rajasthan,Jodhpur,Baori
Rajasthan,Phalodi,Bap
Andhra Pradesh,Bapatla,Bapatla
Rajasthan,Phalodi,Bapini
Haryana,Panipat,Bapoli
Andhra Pradesh,Krishna,Bapulapadu
Uttar Pradesh,Prayagraj,Bara
West Bengal,Paschim Bardhaman,Barabani
West Bengal,Purulia,Barabazar
Bihar,Gaya,Barachatti
Odisha,Sundargarh,Baragaon
Bihar,Banka,Barahat
Bihar,Lakhisarai,Barahiya
Madhya Pradesh,Raisen,Baraily
Uttarakhand,Champawat,Barakot
Assam,Baksa,Barama Pt
Maharashtra,Pune,Baramati
Odisha,Cuttack,Baramba
Chhattisgarh,Sarangarh-Bilaigarh,Baramkela
Jammu And Kashmir,Baramulla,Baramulla
Rajasthan,Baran,Baran
Odisha,Cuttack,Barang
Rajasthan,Udaipur,Barapal
Haryana,Ambala,Barara
Bihar,Katihar,Barari
West Bengal,North 24 Parganas,Barasat - I
West Bengal,North 24 Parganas,Barasat - II
Bihar,Gopalganj,Barauli
Bihar,Begusarai,Barauni
Uttar Pradesh,Baghpat,Baraut
Assam,Nalbari,Barbhag
Bihar,Sheikhpura,Barbigha
Odisha,Keonjhar,Barbil
Jammu And Kashmir,Shopian,Barbugh Imam Sahib
Goa,North Goa,Bardez
Jharkhand,Garhwa,Bardiha
Gujarat,Surat,Bardoli
Uttar Pradesh,Bareilly,Bareilly
Jharkhand,Garhwa,Bargarh
Odisha,Bargarh,Bargarh
Madhya Pradesh,Singrauli,Bargawan
Madhya Pradesh,Seoni,Barghat
Tamil Nadu,Krishnagiri,Bargur
Bihar,Patna,Barh
Jharkhand,Sahebganj,Barhait
Uttar Pradesh,Deoria,Barhaj
Bihar,Buxar,Barhampur
Bihar,Bhojpur,Barhara
Bihar,Purnia,Barhara
Bihar,Siwan,Barharia
Jharkhand,Sahebganj,Barharwa
Bihar,Jamui,Barhat
Madhya Pradesh,Katni,Barhi
Jharkhand,Hazaribagh,Barhi
Rajasthan,Dholpur,Bari
Odisha,Jajpur,Bari
Bihar,Munger,Bariarpur
Arunachal Pradesh,Tirap,Bari Basip Circle
Jammu And Kashmir,Samba,Bari Brahamana
Odisha,Mayurbhanj,Baripada
Arunachal Pradesh,Upper Subansiri,Baririjo Circle
Rajasthan,Chittorgarh,Bari Sadri
Jharkhand,Latehar,Bariyatu
West Bengal,Bankura,Barjora
Jharkhand,Hazaribagh,Barkagaon
Jharkhand,Hazaribagh,Barkatha
Assam,Nalbari,Barkhetri
Odisha,Deogarh,Barkot
Rajasthan,Barmer,Barmer
Rajasthan,Barmer,Barmer Gramin
Assam,Barpeta,Barnagar (Pt)
Punjab,Barnala,Barnala
Rajasthan,Sawai Madhopur,Barnala
Uttarakhand,Uttarkashi,Barnigad
Himachal Pradesh,Kangra,Baroh
Madhya Pradesh,Datia,Baroni
Odisha,Bargarh,Barpali
Chhattisgarh,Korba,Barpali
Assam,Barpeta,Barpeta
West Bengal,North 24 Parganas,Barrackpur - I
West Bengal,North 24 Parganas,Barrackpur - II
Himachal Pradesh,Hamirpur,Barsar
Maharashtra,Solapur,Barshi
Maharashtra,Akola,Barshitakli
Bihar,Katihar,Barsoi
Chhattisgarh,Dakshin Bastar Dantewada,Barsur
West Bengal,South 24 Parganas,Baruipur
Bihar,Aurangabad,Barun
Bihar,Muzaffarpur,Baruraj (Motipur)
Jharkhand,Latehar,Barwadih
Madhya Pradesh,Khargone (West Nimar),Barwaha
Haryana,Hisar,Barwala
Gujarat,Botad,Barwala
Haryana,Panchkula,Barwala St
Madhya Pradesh,Barwani,Barwani
Rajasthan,Dholpur,Basai Nawab
Jammu And Kashmir,Udhampur,Basantgarh
West Bengal,South 24 Parganas,Basanti
Bihar,Siwan,Basantpur
Bihar,Supaul,Basantpur
Telangana,Nirmal,Basar
Arunachal Pradesh,Leparada,Basar Adc
Karnataka,Bidar,Basavakalyan
Karnataka,Vijayapura,Basavana Bagevadi
Rajasthan,Dholpur,Baseri
Jharkhand,Godda,Bashant Rai*
Telangana,Vikarabad,Basheerabad
Jharkhand,Gumla,Basia
West Bengal,North 24 Parganas,Basirhat - I
West Bengal,North 24 Parganas,Basirhat - II
Assam,Baksa,Baska
Chhattisgarh,Mahasamund,Basna
Madhya Pradesh,Vidisha,Basoda
Jammu And Kashmir,Kathua,Basohli
Bihar,Madhubani,Basopatti
Haryana,Hansi,Bass
Rajasthan,Chittorgarh,Bassi
Rajasthan,Jaipur,Bassi
Punjab,Fatehgarh Sahib,Bassi Pathana
Odisha,Balasore,Basta
Chhattisgarh,Bastar,Bastanar
Chhattisgarh,Bastar,Bastar
Uttar Pradesh,Basti,Basti
Odisha,Bhadrak,Basudevpur
Uttarakhand,Rudraprayag,Basukedar
Rajasthan,Dausa,Baswa
Meghalaya,West Garo Hills,Batabari
Rajasthan,Barmer,Batadoo
Punjab,Gurdaspur,Batala
Andhra Pradesh,Sri Sathya Sai,Bathalapalli
Punjab,Bathinda,Bathinda
Bihar,Sitamarhi,Bathnaha
Madhya Pradesh,Damoh,Batiyagarh
Jammu And Kashmir,Ramban,Batote
Chhattisgarh,Surguja,Batouli
Bihar,Banka,Bausi
Gujarat,Ahmedabad,Bavla
Haryana,Rewari,Bawal
Delhi,Outer North,Bawana
Haryana,Bhiwani,Bawani Khera
Gujarat,Arvalli,Bayad
Rajasthan,Bharatpur,Bayana
Rajasthan,Barmer,Baytoo
Telangana,Mahabubabad,Bayyaram
Telangana,Adilabad,Bazarhatnoor
Rajasthan,Beawar,Beawar
Gujarat,Mahesana,Becharaji
Maharashtra,Beed,Beed
Andhra Pradesh,Annamayya,Beerongi Kothakota
Madhya Pradesh,Sheopur,Beerpur
Telangana,Jagitial,Beerpur
Jammu And Kashmir,Budgam,Beerwah
Madhya Pradesh,Raisen,Begamganj
Rajasthan,Chittorgarh,Begun
Odisha,Khordha,Begunia
Bihar,Begusarai,Begusarai
Uttar Pradesh,Saharanpur,Behat
Bihar,Bhojpur,Behea
Rajasthan,Kotputli-Behror,Behror
Telangana,Siddipet,Bejjanki
Telangana,Kumuram Bheem Asifabad,Bejjur
Telangana,Adilabad,Bela
Bihar,Gaya,Belaganj
Karnataka,Belagavi,Belagavi
Chhattisgarh,Dhamtari,Belargaon
Bihar,Patna,Belchhi
West Bengal,Murshidabad,Beldanga - I
West Bengal,Murshidabad,Beldanga - II
Bihar,Khagaria,Beldaur
Chhattisgarh,Bilaspur,Belgahna
Bihar,Banka,Belhar
Odisha,Ganjam,Bellaguntha
Andhra Pradesh,Palnadu,Bellamkonda
Telangana,Mancherial,Bellampally
Tripura,South Tripura,Belonia
Odisha,Balangir,Belpara
Bihar,Sitamarhi,Belsand
Karnataka,Dakshina Kannada,Beltangadi
Chhattisgarh,Bilaspur,Beltara
Uttar Pradesh,Ballia,Belthara Road
Andhra Pradesh,Ananthapuramu,Beluguppa
Karnataka,Hassan,Belur
Chhattisgarh,Bemetara,Bemetara
Bihar,Nalanda,Ben
Jharkhand,Giridih,Bengabad
Karnataka,Bengaluru Urban,Bengaluru East
Karnataka,Bengaluru Urban,Bengaluru North
Karnataka,Bengaluru Urban,Bengaluru South
Assam,Chirang,Bengtol
Bihar,Madhubani,Benipatti
Bihar,Darbhanga,Benipur
Madhya Pradesh,Shahdol,Beohari
Madhya Pradesh,Bhopal,Berasia
West Bengal,Murshidabad,Berhampore
Odisha,Ganjam,Berhampur
Haryana,Jhajjar,Beri
Uttarakhand,Pithoragarh,Berinag
Jammu And Kashmir,Rajouri,Beri Pattan
Chhattisgarh,Bemetara,Berla
Jharkhand,Bokaro,Bermo
Jharkhand,Ranchi,Bero
Andhra Pradesh,Markapuram,Bestavaripeta
Uttarakhand,Nainital,Betalghat
Meghalaya,South West Garo Hills,Betasing
Andhra Pradesh,Nandyal,Bethamcherla
Odisha,Mayurbhanj,Betnoti
Bihar,Pashchim Champaran,Bettiah
Madhya Pradesh,Betul,Betul
Madhya Pradesh,Betul,Betul Nagar
Gujarat,Vav-Tharad,Bhabhar
Bihar,Kaimur (Bhabua),Bhabua
Gujarat,Kachchh,Bhachau
Jammu And Kashmir,Doda,Bhaderwah
Rajasthan,Chittorgarh,Bhadesar
Maharashtra,Jalgaon,Bhadgaon
Uttar Pradesh,Bhadohi,Bhadohi
Rajasthan,Hanumangarh,Bhadra
Telangana,Bhadradri Kothagudem,Bhadrachalam
Rajasthan,Jalore,Bhadrajun
Odisha,Bhadrak,Bhadrak
Karnataka,Shivamogga,Bhadravati
Maharashtra,Chandrapur,Bhadravati
Himachal Pradesh,Mandi,Bhadrota
West Bengal,Murshidabad,Bhagawangola - I
West Bengal,Murshidabad,Bhagawangola - II
West Bengal,Purba Medinipur,Bhagawanpur - I
West Bengal,Purba Medinipur,Bhagawanpur - II
Jammu And Kashmir,Doda,Bhagwa
Uttarakhand,Haridwar,Bhagwanpur
Bihar,Kaimur (Bhabua),Bhagwanpur
Bihar,Vaishali,Bhagwanpur
Bihar,Begusarai,Bhagwanpur
Madhya Pradesh,Khargone (West Nimar),Bhagwanpura
Bihar,Siwan,Bhagwanpur Hat
Telangana,Nirmal,Bhainsa
Madhya Pradesh,Betul,Bhainsdehi
Chhattisgarh,Bijapur,Bhairamgarh
Madhya Pradesh,Sehore,Bhairunda
Chhattisgarh,Korba,Bhaisma
Chhattisgarh,Surajpur,Bhaiyathan
Chhattisgarh,Dhamtari,Bhakhara
Himachal Pradesh,Chamba,Bhalai
Jammu And Kashmir,Doda,Bhalessa (Gandoh)
Karnataka,Bidar,Bhalki
Jammu And Kashmir,Doda,Bhalla
Arunachal Pradesh,West Kameng,Bhalukpong Eac
Jammu And Kashmir,Jammu,Bhalwal
Andhra Pradesh,Parvathipuram Manyam,Bhamini
Maharashtra,Gadchiroli,Bhamragad
Maharashtra,Bhandara,Bhandara
Rajasthan,Dausa,Bhandarej
Nagaland,Wokha,Bhandari
Jharkhand,Garhwa,Bhandaria
Odisha,Bhadrak,Bhandari Pokhari
Madhya Pradesh,Datia,Bhander
Jharkhand,Lohardaga,Bhandra
West Bengal,South 24 Parganas,Bhangar - I
West Bengal,South 24 Parganas,Bhangar - II
Rajasthan,Churu,Bhanipura
Rajasthan,Jaisalmer,Bhaniyana
Uttarakhand,Almora,Bhanoli
Uttar Pradesh,Basti,Bhanpur
Madhya Pradesh,Mandsaur,Bhanpura
Chhattisgarh,Bastar,Bhanpuri
Chhattisgarh,Uttar Bastar Kanker,Bhanupratappur
Gujarat,Devbhumi Dwarka,Bhanvad
Odisha,Nayagarh,Bhapur
Himachal Pradesh,Bilaspur,Bharari
Jammu And Kashmir,Doda,Bharath Bagla
Chhattisgarh,Manendragarh-Chirmiri-Bharatpur(M C B),Bharatpur
Rajasthan,Bharatpur,Bharatpur
West Bengal,Murshidabad,Bharatpur - I
West Bengal,Murshidabad,Bharatpur - II
Bihar,Araria,Bhargama
Himachal Pradesh,Chamba,Bharmour
Jharkhand,Gumla,Bharno
Himachal Pradesh,Kangra,Bharoli
Uttar Pradesh,Etawah,Bharthana
Gujarat,Bharuch,Bharuch
Gujarat,Bharuch,Bharuch City
Himachal Pradesh,Una,Bharwain
Chhattisgarh,Balodabazar-Bhatapara,Bhatapara
West Bengal,Purba Bardhaman,Bhatar
Chhattisgarh,Sarangarh-Bilaigarh,Bhatgaon
Chhattisgarh,Surajpur,Bhatgaon
Karnataka,Uttara Kannada,Bhatkal
Maharashtra,Amravati,Bhatkuli
Odisha,Bargarh,Bhatli
Uttar Pradesh,Deoria,Bhatpar Rani
Andhra Pradesh,Bapatla,Bhattiprolu
Himachal Pradesh,Chamba,Bhattiyat
Haryana,Fatehabad,Bhattukalan St
Uttarakhand,Uttarkashi,Bhatwari
Tamil Nadu,Erode,Bhavani
Gujarat,Bhavnagar,Bhavnagar
Gujarat,Bhavnagar,Bhavnagar City
Punjab,Sangrur,Bhawanigarh
Bihar,Purnia,Bhawanipur
Himachal Pradesh,Kangra,Bhawarna
Jharkhand,Garhwa,Bhawnathpur
Odisha,Bargarh,Bheden
Telangana,Hanumakonda,Bheemadevarpalli
Andhra Pradesh,Eluru,Bheemadole
Telangana,Mancherial,Bheemaram
Telangana,Jagitial,Bheemaram (20)
Telangana,Nizamabad,Bheemgal
Telangana,Mancherial,Bheemini
Telangana,Adilabad,Bheempur
Andhra Pradesh,Visakhapatnam,Bheemunipatnam
Jammu And Kashmir,Doda,Bhella
Gujarat,Junagadh,Bhesan
Madhya Pradesh,Khargone (West Nimar),Bhikangaon
Punjab,Tarn Taran,Bhikhiwind
Uttarakhand,Almora,Bhikiasain
Telangana,Kamareddy,Bhiknoor
Chhattisgarh,Durg,Bhilai-3
Gujarat,Arvalli,Bhiloda
Rajasthan,Bhilwara,Bhilwara
Rajasthan,Rajsamand,Bhim
Andhra Pradesh,West Godavari,Bhimavaram
Chhattisgarh,Bemetara,Bhimbhauri
Madhya Pradesh,Betul,Bhimpur
Rajasthan,Ajmer,Bhinay
Madhya Pradesh,Bhind,Bhind
Rajasthan,Udaipur,Bhinder
Madhya Pradesh,Bhind,Bhind Nagar
Uttar Pradesh,Shrawasti,Bhinga
Rajasthan,Jalore,Bhinmal
Bihar,Pashchim Champaran,Bhitaha
Madhya Pradesh,Gwalior,Bhitarwar
Uttar Pradesh,Ambedkar Nagar,Bhiti
Maharashtra,Thane,Bhiwandi
Haryana,Bhiwani,Bhiwani
Maharashtra,Nagpur,Bhiwapur
Uttar Pradesh,Mainpuri,Bhogaon
Andhra Pradesh,Vizianagaram,Bhogapuram
Uttar Pradesh,Kanpur Dehat,Bhognipur
Odisha,Balasore,Bhograi
Meghalaya,Ri Bhoi,Bhoirymbong
Maharashtra,Nanded,Bhokar
Maharashtra,Jalna,Bhokardan
Jammu And Kashmir,Reasi,Bhomag
Telangana,Yadadri Bhuvanagiri,Bhongir
Telangana,Mahabubnagar,Bhoothpur
Rajasthan,Jodhpur,Bhopalgarh
Chhattisgarh,Bijapur,Bhopalpattnam
Maharashtra,Pune,Bhor
Telangana,Adilabad,Bhoraj
Himachal Pradesh,Hamirpur,Bhoranj
Bihar,Gopalganj,Bhorey
Himachal Pradesh,Hamirpur,Bhota
Chhattisgarh,Sakti,Bhothiya
Assam,Kokrajhar,Bhowraguri
Odisha,Dhenkanal,Bhuban
Odisha,Khordha,Bhubaneswar
Maharashtra,Kolhapur,Bhudargad
Gujarat,Kachchh,Bhuj
Punjab,Kapurthala,Bhulath
Maharashtra,Dharashiv,Bhum
Haryana,Fatehabad,Bhuna St
Himachal Pradesh,Kullu,Bhuntar
Telangana,Jayashankar Bhupalapally,Bhupalpally
Rajasthan,Chittorgarh,Bhupalsagar
Assam,Marigaon,Bhuragaon
Maharashtra,Jalgaon,Bhusawal
Rajasthan,Bharatpur,Bhusawar
Tamil Nadu,Cuddalore,Bhuvanagiri
Madhya Pradesh,Rajgarh,Biaora
Bihar,Samastipur,Bibhutpur
Telangana,Yadadri Bhuvanagiri,Bibinagar
Telangana,Kamareddy,Bibipet
Andhra Pradesh,East Godavari,Biccavolu
Rajasthan,Dungarpur,Bichhiwara
Madhya Pradesh,Mandla,Bichhiya
Madhya Pradesh,Chhindwara,Bichhua
Telangana,Kamareddy,Bichkunda
Madhya Pradesh,Indore,Bicholi Hapsi
Goa,North Goa,Bicholim
Karnataka,Bidar,Bidar
Rajasthan,Churu,Bidasar
Uttar Pradesh,Auraiya,Bidhuna
Bihar,Vaishali,Bidupur
Uttar Pradesh,Unnao,Bighapur
Bihar,Nalanda,Bihar
Bihar,Madhepura,Bihariganj
Chhattisgarh,Surajpur,Biharpur
Bihar,Bhagalpur,Bihpur
Assam,Lakhimpur,Bihpuria
Bihar,Patna,Bihta
Bihar,Gopalganj,Bijaipur
Chhattisgarh,Bijapur,Bijapur
Odisha,Mayurbhanj,Bijatala
Madhya Pradesh,Chhatarpur,Bijawar
Jammu And Kashmir,Anantnag,Bijbehara
Odisha,Bargarh,Bijepur
Telangana,Nagarkurnool,Bijinapally
Assam,Chirang,Bijni (Pt)
Uttar Pradesh,Bijnor,Bijnor
Rajasthan,Bhilwara,Bijoliya
Delhi,South West,Bijwasan
Rajasthan,Bikaner,Bikaner
Uttar Pradesh,Ayodhya,Bikapur
Bihar,Patna,Bikram
Bihar,Rohtas,Bikramganj
Chhattisgarh,Sarangarh-Bilaigarh,Bilaigarh
Rajasthan,Jodhpur,Bilara
Uttar Pradesh,Moradabad,Bilari
Assam,Dhubri,Bilasipara Pt
Uttar Pradesh,Rampur,Bilaspur
Haryana,Yamunanagar,Bilaspur
Chhattisgarh,Bilaspur,Bilaspur
Madhya Pradesh,Umaria,Bilaspur
Himachal Pradesh,Bilaspur,Bilaspur Sadar
Arunachal Pradesh,East Siang,Bilat Circle
Karnataka,Bagalkote,Bilgi
Uttar Pradesh,Hardoi,Bilgram
Chhattisgarh,Bilaspur,Bilha
Uttar Pradesh,Kanpur Nagar,Bilhaur
Mizoram,Kolasib,Bilkhawthlir
Jammu And Kashmir,Kathua,Billawar
Maharashtra,Nanded,Biloli
Uttar Pradesh,Budaun,Bilsi
Madhya Pradesh,Sagar,Bina
Bihar,Nalanda,Bind
Uttar Pradesh,Fatehpur,Bindki
Odisha,Sonepur,Binika
Odisha,Jajpur,Binjharpur
West Bengal,Jhargram,Binpur - I
West Bengal,Jhargram,Binpur - II
Odisha,Sonepur,Biramaharajpur
Odisha,Sundargarh,Biramitrapur
Bihar,Darbhanga,Biraul
Himachal Pradesh,Una,Birhu Kalan
Odisha,Jagatsinghapur,Biridi
Telangana,Kamareddy,Birkur
Jharkhand,Giridih,Birni
Uttarakhand,Pauri Garhwal,Bironkhal
Bihar,Begusarai,Birpur
Madhya Pradesh,Balaghat,Birsa
Madhya Pradesh,Satna,Birsinghpur
Uttar Pradesh,Pilibhit,Bisalpur
Uttar Pradesh,Budaun,Bisauli
Bihar,Madhubani,Bisfi
Tripura,Sepahijala,Bishalgarh
Odisha,Rayagada,Bishamakatak
Jammu And Kashmir,Jammu,Bishnah
Manipur,Bishnupur,Bishnupur
West Bengal,South 24 Parganas,Bishnupur - I
West Bengal,South 24 Parganas,Bishnupur - II
Jharkhand,Palamu,Bishrampur
Jharkhand,Hazaribagh,Bishungarh
Jharkhand,Gumla,Bishunpur
Jharkhand,Garhwa,Bishunpura
Odisha,Mayurbhanj,Bisoi
Odisha,Sundargarh,Bisra
Rajasthan,Jhunjhunu,Bissau
Uttar Pradesh,Sitapur,Biswan
Assam,Biswanath,Biswanath
Bihar,Samastipur,Bithan
Lakshadweep,Lakshadweep District,Bitra
Andhra Pradesh,Y.S.R. Kadapa,B.Kodur
Jammu And Kashmir,Budgam,Bk Pora
Jharkhand,Godda,Boarijor
Telangana,Adilabad,Boath
Andhra Pradesh,Vizianagaram,Bobbili
Bihar,Muzaffarpur,Bochaha
Gujarat,Chhotaudepur,Bodeli
Odisha,Nuapada,Boden
Telangana,Nizamabad,Bodhan
Bihar,Gaya,Bodh Gaya
Tamil Nadu,Theni,Bodinayakanur
Chhattisgarh,Kabeerdham,Bodla
Chhattisgarh,Bilaspur,Bodri
Maharashtra,Jalgaon,Bodvad
Andhra Pradesh,Sri Potti Sriramulu Nellore,Bogole
Telangana,Rajanna Sircilla,Boinpalli
Odisha,Koraput,Boipariguda
Assam,Bongaigaon,Boitamari
Assam,Golaghat,Bokakhat
Bihar,Sitamarhi,Bokhara
Assam,Kamrup,Boko
Odisha,Khordha,Bolagad
Jharkhand,Simdega,Bolba
Arunachal Pradesh,Siang,Boleng Adc
Andhra Pradesh,Palnadu,Bollapalli
West Bengal,Birbhum,Bolpur Sriniketan
Telangana,Vikarabad,Bomaraspeta
Arunachal Pradesh,West Kameng,Bomdila Hq
Telangana,Yadadri Bhuvanagiri,Bommalaramaram
Andhra Pradesh,Ananthapuramu,Bommanahal
Telangana,Khammam,Bonakal
Andhra Pradesh,Vizianagaram,Bondapalli
Haryana,Charkhi Dadri,Bondkalan St
Assam,Bongaigaon,Bongaigaon (Pt)
West Bengal,North 24 Parganas,Bongaon
Arunachal Pradesh,Tawang,Bongkhar Circle
Jammu And Kashmir,Baramulla,Boniyar
Rajasthan,Sawai Madhopur,Bonli
Odisha,Bhadrak,Bonth
Jharkhand,East Singhbum,Boram
Arunachal Pradesh,Changlang,Bordumsa Adc
Arunachal Pradesh,Tirap,Borduria Circle
Chhattisgarh,Durg,Bori
Odisha,Koraput,Boriguma
Jharkhand,Sahebganj,Borio
Maharashtra,Mumbai Suburban,Borivali
Manipur,Jiribam,Borobekra
Gujarat,Anand,Borsad
Arunachal Pradesh,Papum Pare,Borum
Gujarat,Botad,Botad
Gujarat,Botad,Botad City
Nagaland,Kohima,Botsa
Odisha,Boudh,Boudh
Telangana,Yadadri Bhuvanagiri,B Pochampally
Odisha,Puri,Brahmagiri
Andhra Pradesh,Y.S.R. Kadapa,Brahmamgarimattam
Maharashtra,Chandrapur,Brahmapuri
Andhra Pradesh,Ananthapuramu,Brahmasamudram
Karnataka,Udupi,Brahmavara
Andhra Pradesh,Tirupati,Buchinaidu Kandriga
Andhra Pradesh,Sri Potti Sriramulu Nellore,Buchireddipalem
Tamil Nadu,Thanjavur,Budalur
Uttar Pradesh,Budaun,Budaun
Jammu And Kashmir,Budgam,Budgam
West Bengal,South 24 Parganas,Budge Budge - I
West Bengal,South 24 Parganas,Budge Budge - II
Uttar Pradesh,Muzaffarnagar,Budhana
Punjab,Mansa,Budhlada
Madhya Pradesh,Sehore,Budni
Telangana,Jagitial,Buggaram
Odisha,Ganjam,Buguda
Rajasthan,Jhunjhunu,Buhana
Andhra Pradesh,Sri Sathya Sai,Bukkapatnam
Andhra Pradesh,Ananthapuramu,Bukkaraya Samudram
Uttar Pradesh,Bulandshahr,Bulandshahr
Maharashtra,Buldhana,Buldana
Rajasthan,Bundi,Bundi
Jharkhand,Ranchi,Bundu
West Bengal,Purulia,Bundwan
Mizoram,Lunglei,Bunghmun
Manipur,Kangpokpi,Bungte Chiru
Mizoram,Lawngtlai,Bungtlang South
Jammu And Kashmir,Kishtwar,Bunjwah
Arunachal Pradesh,West Kameng,Buragaon Eac
Delhi,North,Burari
West Bengal,Purba Bardhaman,Burdwan - I
West Bengal,Purba Bardhaman,Burdwan - II
Telangana,Bhadradri Kothagudem,Burgampahad
Madhya Pradesh,Burhanpur,Burhanpur
Uttar Pradesh,Azamgarh,Burhanpur
Madhya Pradesh,Burhanpur,Burhanpur Nagar
Madhya Pradesh,Shahdol,Burhar
Andhra Pradesh,Srikakulam,Burja
Jharkhand,Ranchi,Burmu
West Bengal,Murshidabad,Burwan
Andhra Pradesh,Anakapalli,Butchayyapeta
Andhra Pradesh,Eluru,Buttayagudem
Bihar,Buxar,Buxar
Madhya Pradesh,Chhatarpur,Buxwaha
Karnataka,Haveri,Byadgi
Uttar Pradesh,Gorakhpur,Campierganj
Goa,Kushavati,Canacona
West Bengal,South 24 Parganas,Canning - I
West Bengal,South 24 Parganas,Canning - II
Andaman And Nicobar Islands,Nicobars,Car Nicobar
Andhra Pradesh,Kurnool,C.Belagal
Assam,Dibrugarh,Chabua
Madhya Pradesh,Guna,Chachaura
Himachal Pradesh,Kangra,Chachian
Himachal Pradesh,Mandi,Chachyot
Karnataka,Vijayapura,Chadchan
Himachal Pradesh,Kangra,Chadiyar
Jammu And Kashmir,Budgam,Chadoora
Andhra Pradesh,Nandyal,Chagalamarri
Andhra Pradesh,East Godavari,Chagallu
Arunachal Pradesh,Anjaw,Chaglagam Circle
Jharkhand,West Singhbhum,Chaibasa
Uttar Pradesh,Kaushambi,Chail
Jharkhand,Palamu,Chainpur
Jharkhand,Gumla,Chainpur
Bihar,Kaimur (Bhabua),Chainpur
Bihar,Jamui,Chakai
Odisha,Kandhamal,Chakapada
Uttar Pradesh,Etawah,Chakarnagar
West Bengal,Nadia,Chakdah
Uttar Pradesh,Chandauli,Chakia
Bihar,Purbi Champaran,Chakia(Pipra)
Uttarakhand,Pauri Garhwal,Chakisain
Bihar,Buxar,Chakki
Manipur,Chandel,Chakpikarong
Jharkhand,West Singhbhum,Chakradharpur
Uttarakhand,Dehradun,Chakrata
Andhra Pradesh,Y.S.R. Kadapa,Chakrayapet
Rajasthan,Jaipur,Chaksu
Jharkhand,East Singhbum,Chakulia
Maharashtra,Latur,Chakur
Kerala,Thrissur,Chalakkudy
Chhattisgarh,Balrampur-Ramanujganj,Chalgali
Maharashtra,Jalgaon,Chalisgaon
Jharkhand,Hazaribagh,Chalkusa
Karnataka,Chitradurga,Challakere
Andhra Pradesh,Krishna,Challapalli
Karnataka,Chamarajanagar,Chamarajanagar
Assam,Kamrup,Chamaria
Himachal Pradesh,Chamba,Chamba
Arunachal Pradesh,Kra Daadi,Chambang Circle
Punjab,Rupnagar,Chamkaur Sahib
Uttarakhand,Chamoli,Chamoli
Maharashtra,Gadchiroli,Chamorshi
Chhattisgarh,Janjgir-Champa,Champa
Uttarakhand,Champawat,Champawat
Manipur,Kangpokpi,Champhai
Mizoram,Champhai,Champhai
Odisha,Keonjhar,Champua
Rajasthan,Jodhpur,Chamu
Bihar,Banka,Chanan
Bihar,Lakhisarai,Chanan*
Gujarat,Patan,Chanasma
West Bengal,Malda,Chanchal - I
West Bengal,Malda,Chanchal - II
Madhya Pradesh,Chhindwara,Chand
Bihar,Kaimur (Bhabua),Chand
Odisha,Nabarangpur,Chandahandi
Telangana,Nalgonda,Chandampeta
Jharkhand,Bokaro,Chandankiyari
Andhra Pradesh,Ntr,Chandarlapadu
Uttar Pradesh,Chandauli,Chandauli
Uttar Pradesh,Sambhal,Chandausi
Odisha,Bhadrak,Chandbali
Manipur,Chandel,Chandel
Madhya Pradesh,Ashoknagar,Chanderi
Maharashtra,Kolhapur,Chandgad
Bihar,Nalanda,Chandi
Madhya Pradesh,Umaria,Chandia
Chandigarh,Chandigarh,Chandigarh
Jharkhand,Saraikela Kharsawan,Chandil
West Bengal,Purba Medinipur,Chandipur
West Bengal,Hooghly,Chanditala - I
West Bengal,Hooghly,Chanditala - II
Madhya Pradesh,Chhatarpur,Chandla
Delhi,Old Delhi,Chandni Chowk
Chhattisgarh,Balrampur-Ramanujganj,Chando
Uttar Pradesh,Bijnor,Chandpur
Andhra Pradesh,Tirupati,Chandragiri
West Bengal,Paschim Medinipur,Chandrakona - I
West Bengal,Paschim Medinipur,Chandrakona - II
Odisha,Rayagada,Chandrapur
Chhattisgarh,Sakti,Chandrapur
Maharashtra,Chandrapur,Chandrapur
Assam,Kamrup Metro,Chandrapur
Jharkhand,Bokaro,Chandrapura
Andhra Pradesh,Markapuram,Chandra Sekhara Puram
Madhya Pradesh,Alirajpur,Chandra Shekhar Azad Nagar
Telangana,Bhadradri Kothagudem,Chandrugonda
Telangana,Nizamabad,Chandur
Telangana,Nalgonda,Chandur
Maharashtra,Amravati,Chandurbazar
Maharashtra,Amravati,Chandur Railway
Telangana,Rajanna Sircilla,Chandurthi
Maharashtra,Nashik,Chandvad
Jharkhand,Latehar,Chandwa
Jharkhand,Koderma,Chandwara
Kerala,Kottayam,Changanassery
Arunachal Pradesh,Changlang,Changlang Hq
Nagaland,Wokha,Changpang
Nagaland,Mokokchung,Changtongya
Jharkhand,Ranchi,Chanho
Karnataka,Davanagere,Channagiri
Karnataka,Bengaluru South,Channapatna
Jammu And Kashmir,Srinagar,Channapora/Natipora
Karnataka,Hassan,Channarayapatna
Bihar,Pashchim Champaran,Chanpatia
Andhra Pradesh,Y.S.R. Kadapa,Chapad
Assam,Dhubri,Chapar Pt
West Bengal,Nadia,Chapra
Bihar,Saran,Chapra
Telangana,Nagarkurnool,Charakonda
Chhattisgarh,Uttar Bastar Kanker,Charama
Jammu And Kashmir,Budgam,Charar- E- Shrief
Bihar,Sitamarhi,Charaut
Nagaland,Tuensang,Chare
Assam,Sonitpur,Chariduar
Uttar Pradesh,Mahoba,Charkhari
Telangana,Hyderabad,Charminar
Bihar,Bhojpur,Charpokhari
Jharkhand,Bokaro,Chas
Jammu And Kashmir,Reasi,Chassana
Jharkhand,Chatra,Chatra
Andhra Pradesh,Eluru,Chatrai
Uttarakhand,Pauri Garhwal,Chaubatta Khal
Bihar,Buxar,Chaugain
Uttarakhand,Almora,Chaukhutiya
Himachal Pradesh,Shimla,Chaupal
Jharkhand,Hazaribagh,Chauparan
Madhya Pradesh,Chhindwara,Chaurai
Uttar Pradesh,Gorakhpur,Chauri Chaura
Bihar,Madhepura,Chausa
Bihar,Buxar,Chausa
Bihar,Khagaria,Chautham
Rajasthan,Sawai Madhopur,Chauth Ka Barwara
Kerala,Thrissur,Chavakkad
Mizoram,Lawngtlai,Chawngte
Arunachal Pradesh,East Kameng,Chayangtajo Adc
Andhra Pradesh,Guntur,Chebrolu
Rajasthan,Kota,Chechat
Andhra Pradesh,Anakapalli,Cheedikada
Andhra Pradesh,Vizianagaram,Cheepurupalli
Telangana,Medak,Chegunta
Bihar,Vaishali,Chehra Kalan
Andhra Pradesh,Sri Potti Sriramulu Nellore,Chejerla
Karnataka,Chikkaballapura,Chelur
Nagaland,Mon,Chen
Jammu And Kashmir,Udhampur,Chenani
Bihar,Rohtas,Chenari
Assam,Barpeta,Chenga
Tamil Nadu,Chengalpattu,Chengalpattu
Tamil Nadu,Tiruvannamalai,Chengam
Kerala,Alappuzha,Chengannur
Telangana,Warangal,Chennaraopet
Andhra Pradesh,Sri Sathya Sai,Chennekothapalli
Andhra Pradesh,Y.S.R. Kadapa,Chennur
Telangana,Mancherial,Chennur
Tamil Nadu,Tirunelveli,Cheranmahadevi
Bihar,Begusarai,Cheria Bariarpur
Telangana,Siddipet,Cherial
Telangana,Bhadradri Kothagudem,Cherla
Kerala,Alappuzha,Cherthala
Andhra Pradesh,Bapatla,Cherukupalli
Nagaland,Shamator,Chessore
Arunachal Pradesh,Upper Subansiri,Chetam Peer Yapu Circle
Nagaland,Phek,Chetheba
Lakshadweep,Lakshadweep District,Chetlat
Tamil Nadu,Tiruvannamalai,Chetpet
Telangana,Ranga Reddy,Chevella
Bihar,Sheikhpura,Chewara
Tamil Nadu,Tiruvannamalai,Cheyyar
Tamil Nadu,Chengalpattu,Cheyyur
Rajasthan,Baran,Chhabra
Haryana,Yamunanagar,Chhachhrauli
Madhya Pradesh,Khandwa (East Nimar),Chhaigaon Makhan
Chhattisgarh,Raigarh,Chhal
Madhya Pradesh,Seoni,Chhapara
Uttar Pradesh,Mathura,Chhata
Bihar,Supaul,Chhatapur
Rajasthan,Bikaner,Chhatargarh
Jharkhand,Palamu,Chhatarpur
Delhi,South,Chhatarpur
Madhya Pradesh,Chhatarpur,Chhatarpur
Madhya Pradesh,Chhatarpur,Chhatarpur Nagar
West Bengal,Bankura,Chhatna
Maharashtra,Chhatrapati Sambhajinagar,Chhatrapati Sambhajinagar
Odisha,Ganjam,Chhatrapur
Himachal Pradesh,Mandi,Chhatri
Jammu And Kashmir,Kishtwar,Chhatroo
Assam,Kamrup,Chhaygaon
Odisha,Angul,Chhendipada
Uttar Pradesh,Kannauj,Chhibramau
Chhattisgarh,Sukma,Chhindgarh
Madhya Pradesh,Chhindwara,Chhindwara
Madhya Pradesh,Chhindwara,Chhindwara Nagar
Rajasthan,Baran,Chhipabarod
Bihar,Begusarai,Chhorahi
Gujarat,Chhotaudepur,Chhota Udaipur
Chhattisgarh,Narayanpur,Chhotedongar
Rajasthan,Didwana-Kuchaman,Chhoti Khatoo
Rajasthan,Pratapgarh,Chhoti Sadri
Rajasthan,Banswara,Chhoti Sarwan
Chhattisgarh,Khairagarh-Chhuikhadan-Gandai,Chhuikhadan
Chhattisgarh,Gariyaband,Chhura
Chhattisgarh,Rajnandgaon,Chhuriya
Madhya Pradesh,Betul,Chicholi
Tamil Nadu,Cuddalore,Chidambaram
Nagaland,Kohima,Chiephobozou
Telangana,Karimnagar,Chigurumamidi
Gujarat,Narmada,Chikada
Maharashtra,Amravati,Chikhaldara
Rajasthan,Dungarpur,Chikhali
Gujarat,Navsari,Chikhli
Maharashtra,Buldhana,Chikhli
Odisha,Ganjam,Chikiti
Karnataka,Chikkaballapura,Chikkaballapura
Karnataka,Chikkamagaluru,Chikkamagaluru
Karnataka,Tumakuru,Chiknayakanhalli
Karnataka,Belagavi,Chikodi
Andhra Pradesh,Palnadu,Chilakaluripet H/O.Purushotha Patnam
Andhra Pradesh,Sri Sathya Sai,Chilamathur
Odisha,Khordha,Chilika
Manipur,Senapati,Chilivai Phaibung
Telangana,Suryapet,Chilkur
Andhra Pradesh,Sri Potti Sriramulu Nellore,Chillakur
Jammu And Kashmir,Doda,Chilly Pingal
Telangana,Medak,Chilpched
Telangana,Jangoan,Chilpur
Andhra Pradesh,Prakasam,Chimakurthy
Maharashtra,Chandrapur,Chimur
Andhra Pradesh,Bapatla,Chinaganjam
Karnataka,Kalaburagi,Chincholi
Manipur,Ukhrul,Chingai
Nagaland,Tuensang,Chingmei
Jharkhand,Garhwa,Chinia
Telangana,Mahabubnagar,Chinnachintakunta
Andhra Pradesh,Tirupati,Chinnagottigallu
Telangana,Mahabubabad,Chinnagudur
Telangana,Siddipet,Chinnakodur
Andhra Pradesh,Annamayya,Chinnamandem
Telangana,Wanaparthy,Chinnambavi
Tamil Nadu,Kallakurichi,Chinnasalem
Madhya Pradesh,Gwalior,Chinour
West Bengal,Hooghly,Chinsurah - Magra
Telangana,Kumuram Bheem Asifabad,Chintalamanepally
Andhra Pradesh,Eluru,Chintalapudi
Karnataka,Chikkaballapura,Chintamani
Telangana,Khammam,Chinthakani
Andhra Pradesh,Y.S.R. Kadapa,Chinthakommadinne
Telangana,Suryapet,Chinthalapalem
Andhra Pradesh,Alluri Sitharama Raju,Chinthapalli
Telangana,Nalgonda,Chinthapally
Andhra Pradesh,Polavaram,Chinturu
Uttarakhand,Uttarkashi,Chinyali Saur
Maharashtra,Ratnagiri,Chiplun
Andhra Pradesh,Kurnool,Chippagiri
Bihar,Purbi Champaran,Chiraia
Andhra Pradesh,Bapatla,Chirala
Jammu And Kashmir,Doda,Chiralla
Rajasthan,Jhunjhunu,Chirawa
Kerala,Thiruvananthapuram,Chirayinkeezhu
Himachal Pradesh,Shimla,Chirgaon
Chhattisgarh,Manendragarh-Chirmiri-Bharatpur(M C B),Chirmiri
Karnataka,Bidar,Chitaguppa
Rajasthan,Jalore,Chitalwana
Jharkhand,Ramgarh,Chitarpur
Karnataka,Chitradurga,Chitradurga
Jammu And Kashmir,Shopian,Chitragam
Odisha,Malkangiri,Chitrakonda
Madhya Pradesh,Singrauli,Chitrangi
Andhra Pradesh,Tirupati,Chittamur
Karnataka,Kalaburagi,Chittapur
Andhra Pradesh,Chittoor,Chittoor Rural
Andhra Pradesh,Chittoor,Chittoor Urban
Rajasthan,Chittorgarh,Chittorgarh
Kerala,Palakkad,Chittur
Andhra Pradesh,Tirupati,Chitvel
Telangana,Jayashankar Bhupalapally,Chityal
Telangana,Nalgonda,Chityal
Telangana,Suryapet,Chivemla
Nagaland,Phek,Chizami
Andhra Pradesh,Anakapalli,Chodavaram
Rajasthan,Barmer,Chohtan
Meghalaya,South Garo Hills,Chokpot
Rajasthan,Jaipur,Chomu
Arunachal Pradesh,Namsai,Chongkham Eac
Maharashtra,Jalgaon,Chopda
Telangana,Karimnagar,Choppadandi
West Bengal,Uttar Dinajpur,Chopra
Gujarat,Surat,Chorasi
Gujarat,Surendranagar,Chotila
Telangana,Yadadri Bhuvanagiri,Choutuppal
Telangana,Vikarabad,Chowdapur
Andhra Pradesh,Annamayya,Chowdepalle
Jammu And Kashmir,Jammu,Chowki Choura
Telangana,Sangareddy,Chowtakur
Nagaland,Phek,Chozuba
Nagaland,Mokokchung,Chuchuyimlang
Gujarat,Surendranagar,Chuda
Nagaland,Wokha,Chukitong
Nagaland,Chumoukedima,Chumukedima
Uttar Pradesh,Mirzapur,Chunar
Telangana,Bhadradri Kothagudem,Chunchupalli
Sikkim,Mangan,Chungthang
Nagaland,Tseminyu,Chunlikha
Manipur,Churachandpur,Churachandpur
Himachal Pradesh,Chamba,Churah
Jharkhand,Hazaribagh,Churchu
Madhya Pradesh,Sidhi,Churhat
Rajasthan,Churu,Churu
Madhya Pradesh,Gwalior,City Center
Tamil Nadu,Coimbatore,Coimbatore North
Tamil Nadu,Coimbatore,Coimbatore South
Uttar Pradesh,Gonda,Colonelganj
West Bengal,Purba Medinipur,Contai - I
West Bengal,Purba Medinipur,Contai - III
West Bengal,Cooch Behar,Cooch Behar - I
West Bengal,Cooch Behar,Cooch Behar - II
Tamil Nadu,The Nilgiris,Coonoor
Tamil Nadu,Cuddalore,Cuddalore
Andhra Pradesh,Markapuram,Cumbum
Odisha,Cuttack,Cuttack
Gujarat,Vadodara,Dabhoi
Chhattisgarh,Sakti,Dabhra
Madhya Pradesh,Gwalior,Dabra
Odisha,Nabarangpur,Dabugan
Haryana,Sirsa,Dabwali
Andhra Pradesh,Palnadu,Dachepalli
Jammu And Kashmir,Kishtwar,Dachhan
Himachal Pradesh,Sirmaur,Dadahu
Arunachal Pradesh,Tirap,Dadam Circle
Himachal Pradesh,Kangra,Dadasiba
Meghalaya,West Garo Hills,Dadenggiri
Jharkhand,Hazaribagh,Dadi
The Dadra And Nagar Haveli And Daman And Diu,Dadra And Nagar Haveli,Dadra & Nagar Haveli
Uttar Pradesh,Gautam Buddha Nagar,Dadri
Haryana,Charkhi Dadri,Dadri
Rajasthan,Jhalawar,Dag
Andhra Pradesh,Sri Potti Sriramulu Nellore,Dagadarthi
Bihar,Purnia,Dagarua
Maharashtra,Palghar,Dahanu
Telangana,Kumuram Bheem Asifabad,Dahegoan
Madhya Pradesh,Dhar,Dahi
Haryana,Rewari,Dahina St
Andhra Pradesh,Tirupati,Dakkili
Assam,Darrang,Dalgaon (Pt)
Himachal Pradesh,Chamba,Dalhousie
Uttar Pradesh,Rae Bareli,Dalmau
Madhya Pradesh,Mandsaur,Daloda
Rajasthan,Pratapgarh,Dalot
Bihar,Samastipur,Dalsinghsarai
Meghalaya,West Garo Hills,Dalu
The Dadra And Nagar Haveli And Daman And Diu,Daman,Daman
Telangana,Narayanpet,Damargidda
Meghalaya,East Garo Hills,Dambo Rongjeng
Arunachal Pradesh,Dibang Valley,Dambuen Circle
Arunachal Pradesh,Lower Dibang Valley,Dambuk Adc
Telangana,Hanumakonda,Damera
Telangana,Nalgonda,Dameracherla
Arunachal Pradesh,Kurung Kumey,Damin Circle
Telangana,Bhadradri Kothagudem,Dammapeta
Madhya Pradesh,Damoh,Damoh
Madhya Pradesh,Damoh,Damyanti Nagar
Jharkhand,Garhwa,Danda
Jharkhand,Garhwa,Dandai
Bihar,Begusarai,Dandari
Karnataka,Uttara Kannada,Dandeli
Telangana,Mancherial,Dandepally
Bihar,Katihar,Dandkhora
Odisha,Jajpur,Dangadi
Jammu And Kashmir,Baramulla,Dangarpora
Assam,Bongaigaon,Dangtal Revenue Circle
Bihar,Patna,Daniawan
Jammu And Kashmir,Jammu,Dansal
Gujarat,Banas Kantha,Danta
West Bengal,Paschim Medinipur,Dantan - I
West Bengal,Paschim Medinipur,Dantan - II
Rajasthan,Sikar,Danta Ramgarh
Chhattisgarh,Dakshin Bastar Dantewada,Dantewada
Telangana,Mahabubabad,Danthalapalle
Gujarat,Banas Kantha,Dantiwada
Maharashtra,Ratnagiri,Dapoli
Arunachal Pradesh,Upper Subansiri,Daporijo Hq
Arunachal Pradesh,West Siang,Darak Circle
Bihar,Siwan,Darauli
Bihar,Siwan,Daraundha
Chhattisgarh,Bastar,Darbha
Bihar,Darbhanga,Darbhanga
Himachal Pradesh,Kangra,Dareeni
Jammu And Kashmir,Rajouri,Darhal
Chhattisgarh,Bemetara,Darhi
Bihar,Saran,Dariapur
Chhattisgarh,Surguja,Darima
Odisha,Kandhamal,Daringbadi
Arunachal Pradesh,Leparada,Daring Circle
West Bengal,Darjeeling,Darjeeling Pulbazar
Himachal Pradesh,Solan,Darlaghat
Mizoram,Aizawl,Darlawn
Odisha,Jajpur,Darpan
Chhattisgarh,Korba,Darri
Andhra Pradesh,Prakasam,Darsi
Jharkhand,Hazaribagh,Daru
Maharashtra,Yavatmal,Darwha
Maharashtra,Amravati,Daryapur
Gujarat,Surendranagar,Dasada
Odisha,Koraput,Dasamantapur
Odisha,Nayagarh,Dasapalla
Odisha,Jajpur,Dasarathpur
Gujarat,Ahmedabad,Daskroi
West Bengal,Paschim Medinipur,Daspur - I
West Bengal,Paschim Medinipur,Daspur - II
Telangana,Nirmal,Dasturabad
Punjab,Hoshiarpur,Dasua
Uttar Pradesh,Budaun,Dataganj
Madhya Pradesh,Datia,Datia
Madhya Pradesh,Datia,Datia Nagar
Andhra Pradesh,Vizianagaram,Dattirajeru
Bihar,Aurangabad,Daudnagar
Maharashtra,Pune,Daund
Chhattisgarh,Balod,Daundi
Chhattisgarh,Balod,Daundilohara
Chhattisgarh,Balrampur-Ramanujganj,Daura-Kochali
Rajasthan,Dausa,Dausa
Karnataka,Davanagere,Davanagere
Bihar,Rohtas,Dawath
Haryana,Faridabad,Dayalpur St
Odisha,Deogarh,Debagarh
Uttar Pradesh,Bulandshahr,Debai
Arunachal Pradesh,East Kameng,Debeyar Co Circle
West Bengal,Paschim Medinipur,Debra
Rajasthan,Phalodi,Dechoo
Gujarat,Narmada,Dediapada
Arunachal Pradesh,Keyi Panyor,Deed Circle
Rajasthan,Deeg,Deeg
Gujarat,Banas Kantha,Deesa
Gujarat,Banas Kantha,Deesa City
Rajasthan,Nagaur,Degana
West Bengal,North 24 Parganas,Deganga
Maharashtra,Nanded,Deglur
Rajasthan,Nagaur,Deh
Himachal Pradesh,Shimla,Deha
Himachal Pradesh,Mandi,Dehar
Gujarat,Gandhinagar,Dehgam
Uttarakhand,Dehradun,Dehradun
Himachal Pradesh,Kangra,Dehra Gopipur
Bihar,Rohtas,Dehri
Odisha,Puri,Delanga
Rajasthan,Sirohi,Deldar
Delhi,New Delhi,Delhi Cantonment
Rajasthan,Rajsamand,Delwara
Meghalaya,West Garo Hills,Demdema
Andhra Pradesh,Eluru,Denduluru
Andhra Pradesh,Vizianagaram,Denkada
Tamil Nadu,Krishnagiri,Denkanikottai
Sikkim,Gyalshing,Dentam
Bihar,Aurangabad,Deo
Uttar Pradesh,Saharanpur,Deoband
Gujarat,Vav-Tharad,Deodar
Odisha,Balangir,Deogaon
Rajasthan,Rajsamand,Deogarh
Jharkhand,Deoghar,Deoghar
Maharashtra,Nashik,Deola
Maharashtra,Buldhana,Deolgaon Raja
Maharashtra,Wardha,Deoli
Rajasthan,Tonk,Deoli
Delhi,South,Deoli
Arunachal Pradesh,Tirap,Deomali Adc
Maharashtra,Latur,Deoni
Jharkhand,Giridih,Deori
Madhya Pradesh,Sagar,Deori
Madhya Pradesh,Raisen,Deori
Maharashtra,Gondia,Deori
Uttar Pradesh,Deoria,Deoria
Madhya Pradesh,Singrauli,Deosar
Madhya Pradesh,Indore,Depalpur
Punjab,Gurdaspur,Dera Baba Nanak
Punjab,S.A.S Nagar,Dera Bassi
Odisha,Kendrapara,Derabish
Uttar Pradesh,Kanpur Dehat,Derapur
Assam,Golaghat,Dergaon
Maharashtra,Gadchiroli,Desaiganj (Vadasa)
Arunachal Pradesh,Lower Dibang Valley,Desali Circle
Gujarat,Vadodara,Desar
West Bengal,Purba Medinipur,Deshopran
Bihar,Vaishali,Desri
Rajasthan,Pali,Desuri
Gujarat,Ahmedabad,Detroj-Rampura
Karnataka,Raichur,Devadurga
Tamil Nadu,Sivaganga,Devakottai
Uttarakhand,Pithoragarh,Devalthal
Karnataka,Bengaluru Rural,Devanahalli
Andhra Pradesh,Kurnool,Devanakonda
Karnataka,Vijayapura,Devara Hipparagi
Telangana,Mahabubnagar,Devarakadra
Telangana,Nalgonda,Devarakonda
Andhra Pradesh,East Godavari,Devarapalle
Andhra Pradesh,Anakapalli,Devarapalli
Telangana,Jangoan,Devaruppula
Chhattisgarh,Gariyaband,Devbhog
Madhya Pradesh,Panna,Devendranagar
Maharashtra,Sindhudurg,Devgad
Gujarat,Dahod,Devgadbaria
Kerala,Idukki,Devikulam
Andhra Pradesh,Polavaram,Devipatnam
Jharkhand,Deoghar,Devipur
Chhattisgarh,Bemetara,Devkar
Uttarakhand,Tehri Garhwal,Devprayag
Jammu And Kashmir,Kulgam,Devsar
Uttarakhand,Chamoli,Dewal
Madhya Pradesh,Dewas,Dewas
Madhya Pradesh,Dewas,Dewas Nagar
Bihar,Purbi Champaran,Dhaka
Assam,Lakhimpur,Dhakuakhana (Pt-I)
Jharkhand,East Singhbum,Dhalbhumgarh
Himachal Pradesh,Mandi,Dhalwan
Maharashtra,Amravati,Dhamangaon Railway
Bihar,Purnia,Dhamdaha
Chhattisgarh,Durg,Dhamdha
Himachal Pradesh,Shimla,Dhami
Odisha,Bhadrak,Dhamnagar
Uttar Pradesh,Bijnor,Dhampur
Chhattisgarh,Dhamtari,Dhamtari
Himachal Pradesh,Shimla,Dhamwari
Bihar,Patna,Dhanarua
Rajasthan,Barmer,Dhanau
Uttarakhand,Tehri Garhwal,Dhanaulti
Uttar Pradesh,Amroha,Dhanaura
Jharkhand,Dhanbad,Dhanbad-Cum-Kenduadih-Cum-Jagata
Gujarat,Ahmedabad,Dhandhuka
Haryana,Kaithal,Dhand St
Gujarat,Banas Kantha,Dhanera
West Bengal,Hooghly,Dhaniakhali
Maharashtra,Gadchiroli,Dhanora
Madhya Pradesh,Seoni,Dhanora
Chhattisgarh,Kondagaon,Dhanora
Gujarat,Dahod,Dhanpur
Nagaland,Chumoukedima,Dhansiripar
Gujarat,Arvalli,Dhansura
Telangana,Narayanpet,Dhanwada
Jharkhand,Giridih,Dhanwar
Madhya Pradesh,Dhar,Dhar
Odisha,Ganjam,Dharakote
Odisha,Kalahandi,Dharamgarh
Chhattisgarh,Raigarh,Dharamjaigarh
Punjab,Moga,Dharamkot
Gujarat,Valsad,Dharampur
Madhya Pradesh,Dhar,Dharampuri
Maharashtra,Jalgaon,Dharangaon
Tamil Nadu,Tiruppur,Dharapuram
Maharashtra,Dharashiv,Dharashiv
Goa,Kushavati,Dharbandora
Uttarakhand,Pithoragarh,Dharchula
Bihar,Munger,Dharhara
Uttarakhand,Nainital,Dhari
Gujarat,Amreli,Dhari
Rajasthan,Pratapgarh,Dhariawad
Punjab,Pathankot,Dhar Kalan
Maharashtra,Nanded,Dharmabad
Tripura,North Tripura,Dharmanagar
Telangana,Jagitial,Dharmapuri
Tamil Nadu,Dharmapuri,Dharmapuri
Telangana,Peddapalli,Dharmaram
Telangana,Hanumakonda,Dharmasagar
Odisha,Jajpur,Dharmasala
Andhra Pradesh,Sri Sathya Sai,Dharmavaram
Himachal Pradesh,Mandi,Dharmpur
Himachal Pradesh,Kangra,Dharmsala
Maharashtra,Amravati,Dharni
Gujarat,Vav-Tharad,Dharnidhar
Telangana,Jogulamba Gadwal,Dharoor
Telangana,Nizamabad,Dharpally
Chhattisgarh,Raipur,Dharsiwa
Haryana,Rewari,Dharuhera St
Telangana,Vikarabad,Dharur
Maharashtra,Beed,Dharur
Karnataka,Dharwad,Dharwad
Himachal Pradesh,Chamba,Dharwala
Himachal Pradesh,Hamirpur,Dhatwal
Haryana,Faridabad,Dhauj St
Uttar Pradesh,Hapur,Dhaulana
Uttarakhand,Almora,Dhaulchhina
Uttarakhand,Uttarkashi,Dhauntari
Uttar Pradesh,Kheri,Dhaurahara
Assam,Sonitpur,Dhekiajuli (Pt)
Assam,Dhemaji,Dhemaji
Odisha,Dhenkanal,Dhenkanal Sadar
Madhya Pradesh,Katni,Dhimarkheda
Assam,Nagaon,Dhing
Himachal Pradesh,Kangra,Dhira
Andhra Pradesh,Ananthapuramu,D.Hirehal
Rajasthan,Sikar,Dhod
Gujarat,Ahmedabad,Dholera
Bihar,Muzaffarpur,Dholi (Moraul)
Gujarat,Ahmedabad,Dholka
Rajasthan,Dholpur,Dholpur
Andhra Pradesh,Nandyal,Dhone
Telangana,Siddipet,Dhoolmitta
Uttarakhand,Pauri Garhwal,Dhoomakot
Gujarat,Rajkot,Dhoraji
Rajasthan,Balotra,Dhorimanna
Jammu And Kashmir,Kulgam,D H Pora
Gujarat,Surendranagar,Dhrangadhra
Gujarat,Jamnagar,Dhrol
Assam,Dhubri,Dhubri
Madhya Pradesh,Burhanpur,Dhulcot
Maharashtra,Dhule,Dhule
West Bengal,Jalpaiguri,Dhupguri
Bihar,Banka,Dhuraiya
Punjab,Sangrur,Dhuri
Jharkhand,Garhwa,Dhurki
Uttarakhand,Almora,Dhyari
West Bengal,South 24 Parganas,Diamond Harbour - I
West Bengal,South 24 Parganas,Diamond Harbour - II
Assam,Dibrugarh,Dibrugarh East
Assam,Dibrugarh,Dibrugarh West
Telangana,Nizamabad,Dichpally
Bihar,Patna,Didarganj
Uttarakhand,Pithoragarh,Didihat
Rajasthan,Didwana-Kuchaman,Didwana
Odisha,Ganjam,Digapahandi
Bihar,Kishanganj,Dighalbank
Madhya Pradesh,Tikamgarh,Dighora
Bihar,Saran,Dighwara
Andaman And Nicobar Islands,North And Middle Andaman,Diglipur
Rajasthan,Kota,Digod
Maharashtra,Yavatmal,Digras
Telangana,Nirmal,Dilawarpur
Nagaland,Dimapur,Dimapur Sadar
Assam,Sivasagar,Dimow
Punjab,Gurdaspur,Dinanagar
Bihar,Patna,Dinapur-Cum-Khagaul
Bihar,Rohtas,Dinara
Tamil Nadu,Dindigul,Dindiguleast
Tamil Nadu,Dindigul,Dindigulwest
Madhya Pradesh,Dindori,Dindori
Maharashtra,Nashik,Dindori
Jammu And Kashmir,Kathua,Dinga Amb
West Bengal,Cooch Behar,Dinhata - I
West Bengal,Cooch Behar,Dinhata - II
Assam,Karbi Anglong,Diphu
Chhattisgarh,Korba,Dipka
Arunachal Pradesh,West Kameng,Dirang Adc
Punjab,Sangrur,Dirba
Ladakh,Leh Ladakh,Diskit
Assam,Kamrup Metro,Dispur
Arunachal Pradesh,Pakke Kessang,Dissing Passo Circle
The Dadra And Nagar Haveli And Daman And Diu,Diu,Diu
Arunachal Pradesh,Changlang,Diyun Eac
Bihar,Gaya,Dobhi
Assam,Hojai,Doboka
Jammu And Kashmir,Doda,Doda
Maharashtra,Sindhudurg,Dodamarg
Karnataka,Bengaluru Rural,Doddaballapura
Himachal Pradesh,Shimla,Dodra Kwar
Gujarat,Dahod,Dohad
Arunachal Pradesh,Papum Pare,Doimukh Sdo
Uttarakhand,Dehradun,Doiwala
Madhya Pradesh,Narmadapuram,Dolariya
Arunachal Pradesh,Kamle,Dollungmukh Circle
Gujarat,Tapi,Dolvan
Telangana,Vikarabad,Doma
Telangana,Kamareddy,Domakonda
Uttar Pradesh,Siddharthnagar,Domariyaganj
Jharkhand,Koderma,Domchanch
West Bengal,Howrah,Domjur
West Bengal,Murshidabad,Domkal
Odisha,Cuttack,Dompada
Andhra Pradesh,Prakasam,Donakonda
Chhattisgarh,Rajnandgaon,Dongargaon
Chhattisgarh,Rajnandgaon,Dongargarh
Jammu And Kashmir,Baramulla,Dongiwacha
Telangana,Kamareddy,Dongli
Assam,West Karbi Anglong,Donka
Telangana,Nizamabad,Donkeshwar
Assam,Tinsukia,Doom Dooma
Rajasthan,Tonk,Dooni
Jammu And Kashmir,Anantnag,Dooru
Madhya Pradesh,Sehore,Doraha
Andhra Pradesh,Tirupati,Doravarisatram
Telangana,Mahabubabad,Dornakal
Andhra Pradesh,Markapuram,Dornala
Chhattisgarh,Sukma,Dornapal
Andhra Pradesh,Nandyal,Dornipadu
Assam,Kokrajhar,Dotoma
Telangana,Vikarabad,Doulathabad
Telangana,Siddipet,Doultabad
Rajasthan,Dungarpur,Dovda
Jammu And Kashmir,Kishtwar,Drabshala
Jammu And Kashmir,Kupwara,Dragmulla
Madhya Pradesh,Indore,Dr. Ambedkar Nagar Mhow
Ladakh,Kargil,Drass
Telangana,Siddipet,Dubbak
West Bengal,Birbhum,Dubrajpur
Madhya Pradesh,Singrauli,Dudhamania
Punjab,Patiala,Dudhan Sadhan
Uttar Pradesh,Sonbhadra,Dudhi
Assam,Goalpara,Dudhnai
Rajasthan,Jaipur,Dudu
Arunachal Pradesh,Tawang,Dudunghar Circle
Telangana,Vikarabad,Dudyal
Andhra Pradesh,Guntur,Duggirala
Telangana,Warangal,Duggondi
Uttarakhand,Bageshwar,Dugnakuri
Himachal Pradesh,Una,Dulahar
Chhattisgarh,Jashpur,Duldula
Bihar,Patna,Dulhin Bazar
Jharkhand,Ramgarh,Dulmi
Bihar,Gaya,Dumaria
Jharkhand,East Singhbum,Dumaria
Andhra Pradesh,Alluri Sitharama Raju,Dumbriguda
Jharkhand,Dumka,Dumka
Telangana,Bhadradri Kothagudem,Dummugudem
Arunachal Pradesh,Upper Subansiri,Dumporijo Adc
Bihar,Sitamarhi,Dumra
Bihar,Buxar,Dumraon
Jharkhand,Giridih,Dumri
Jharkhand,Gumla,Dumri
Bihar,Sheohar,Dumri Katsari
Uttarakhand,Uttarkashi,Dunda
Rajasthan,Dungarpur,Dungarpur
Rajasthan,Chittorgarh,Dungla
Ladakh,Leh Ladakh,Durbuk
Chhattisgarh,Durg,Durg
West Bengal,Paschim Bardhaman,Durgapur Faridpur
Bihar,Kaimur (Bhabua),Durgawati
Andhra Pradesh,Palnadu,Durgi
Chhattisgarh,Uttar Bastar Kanker,Durgkondal
Andhra Pradesh,Sri Potti Sriramulu Nellore,Duttalur
Andhra Pradesh,Y.S.R. Kadapa,Duvvur
Uttarakhand,Almora,Dwarahat
Andhra Pradesh,Eluru,Dwarakatirumala
Delhi,South West,Dwarka
Sikkim,Mangan,Dzongu
Mizoram,Serchhip,East Lungdar
Tamil Nadu,Salem,Edappadi
Andhra Pradesh,Palnadu,Edlapadu
Jharkhand,Dhanbad,Egarkund
Tamil Nadu,Chennai,Egmore
West Bengal,Purba Medinipur,Egra - I
West Bengal,Purba Medinipur,Egra - II
Jammu And Kashmir,Srinagar,Eidgah
Bihar,Nalanda,Ekangarsarai
Bihar,Saran,Ekma
Telangana,Peddapalli,Eligaid
Telangana,Hanumakonda,Elkathurthy
Telangana,Karimnagar,Ellandakunta
Haryana,Sirsa,Ellenabad
Andhra Pradesh,Eluru,Eluru Rural
Andhra Pradesh,Eluru,Eluru Urban
Telangana,Jagitial,Endapalli
Nagaland,Wokha,Englan
West Bengal,Malda,English Bazar
Telangana,Khammam,Enkoor
Tamil Nadu,Thoothukkudi,Eral
Maharashtra,Jalgaon,Erandol
Jharkhand,Khunti,Erki(Tamar Ii)
Kerala,Malappuram,Ernad
Tamil Nadu,Erode,Erode
Odisha,Jagatsinghapur,Ersama
Uttar Pradesh,Etah,Etah
Arunachal Pradesh,Dibang Valley,Etalin
Maharashtra,Gadchiroli,Etapalli
Uttar Pradesh,Etawah,Etawah
Andhra Pradesh,Srikakulam,Etcherla
Uttar Pradesh,Agra,Etmadpur
Tamil Nadu,Thoothukkudi,Ettayapuram
Telangana,Mulugu,Eturunagaram
Gujarat,Kheda,Fagvel
Uttar Pradesh,Ayodhya,Faizabad
West Bengal,Alipurduar,Falakata
Bihar,Katihar,Falka
West Bengal,South 24 Parganas,Falta
West Bengal,Murshidabad,Farakka
Haryana,Faridabad,Faridabad
Punjab,Faridkot,Faridkot
Uttar Pradesh,Bareilly,Faridpur
Telangana,Ranga Reddy,Farooqnagar
Uttar Pradesh,Farrukhabad,Farrukhabad
Haryana,Gurugram,Farrukhnagar
Chhattisgarh,Jashpur,Farsabahar
Haryana,Fatehabad,Fatehabad
Uttar Pradesh,Agra,Fatehabad
Rajasthan,Jaisalmer,Fatehgarh
Punjab,Gurdaspur,Fatehgarh Churian
Punjab,Fatehgarh Sahib,Fatehgarh Sahib
Bihar,Gaya,Fatehpur
Rajasthan,Sikar,Fatehpur
Uttar Pradesh,Fatehpur,Fatehpur
Jharkhand,Jamtara,Fatehpur
Himachal Pradesh,Kangra,Fatehpur
Uttar Pradesh,Bara Banki,Fatehpur
Haryana,Kaithal,Fatehpur Pundri
Gujarat,Dahod,Fatepura
Bihar,Patna,Fatwah
Punjab,Fazilka,Fazilka
Haryana,Nuh,Ferozepur Jhirka
Andaman And Nicobar Islands,South Andamans,Ferrargunj
Chhattisgarh,Gariyaband,Fingeshwar
Uttar Pradesh,Firozabad,Firozabad
Punjab,Ferozepur,Firozpur
Bihar,Araria,Forbesganj
Jammu And Kashmir,Kulgam,Frisal
Uttar Pradesh,Aligarh,Gabhana
Karnataka,Gadag,Gadag
Uttarakhand,Udham Singh Nagar,Gadarpur
Madhya Pradesh,Narsimhapur,Gadarwara
Maharashtra,Gadchiroli,Gadchiroli
Andhra Pradesh,Ntr,Gaddamanugu Konduru
Gujarat,Botad,Gadhada
Maharashtra,Kolhapur,Gadhinglaj
Telangana,Adilabad,Gadiguda
Chhattisgarh,Sukma,Gadiras
Andhra Pradesh,Nandyal,Gadivemula
Rajasthan,Barmer,Gadraroad
Telangana,Jogulamba Gadwal,Gadwal
Maharashtra,Kolhapur,Gaganbawada
Himachal Pradesh,Una,Gagret
Bihar,Muzaffarpur,Gaighat
West Bengal,North 24 Parganas,Gaighata
Madhya Pradesh,Raisen,Gairatganj
Uttarakhand,Chamoli,Gairsain
Odisha,Bargarh,Gaisilet
Uttarakhand,Tehri Garhwal,Gaja
Andhra Pradesh,Vizianagaram,Gajapathinagaram
Karnataka,Gadag,Gajendragad
Rajasthan,Ganganagar,Gajsinghpur
Andhra Pradesh,Visakhapatnam,Gajuwaka
Telangana,Siddipet,Gajwel
Andhra Pradesh,Annamayya,Galiveedu
Rajasthan,Dungarpur,Galiyakot
Himachal Pradesh,Hamirpur,Galore
West Bengal,Purba Bardhaman,Galsi - I
West Bengal,Purba Bardhaman,Galsi - II
Gujarat,Kheda,Galteshwar
Meghalaya,West Garo Hills,Gambegre
Telangana,Rajanna Sircilla,Gambhiraopet
Bihar,Madhepura,Gamharia
Andhra Pradesh,Ntr,Gampalagudem
Rajasthan,Dungarpur,Gamri Ahara
Uttarakhand,Pithoragarh,Ganai Gangoli
Andhra Pradesh,West Godavari,Ganapavaram
Haryana,Sonipat,Ganaur
Chhattisgarh,Khairagarh-Chhuikhadan-Gandai,Gandai
Tamil Nadu,Pudukkottai,Gandarvakkottai
Telangana,Mahabubnagar,Gandeed
Andhra Pradesh,Kakinada,Gandepalli
Jammu And Kashmir,Ganderbal,Ganderbal
Gujarat,Navsari,Gandevi
Jharkhand,Giridih,Gandey
Telangana,Kamareddy,Gandhari
Gujarat,Kachchh,Gandhidham
Gujarat,Gandhinagar,Gandhinagar
Delhi,East,Gandhi Nagar
Madhya Pradesh,Dhar,Gandhwani
Odisha,Dhenkanal,Gandia
Telangana,Medchal Malkajgiri,Gandimaisamma Dundigal
Telangana,Ranga Reddy,Gandipet
Andhra Pradesh,Sri Sathya Sai,Gandlapenta
Telangana,Karimnagar,Gangadhara
Andhra Pradesh,Chittoor,Gangadhara Nellore
Rajasthan,Banswara,Gangadtalai
West Bengal,Bankura,Gangajalghati
Maharashtra,Parbhani,Gangakhed
Chhattisgarh,Bijapur,Gangaloor
Rajasthan,Ganganagar,Ganganagar
Maharashtra,Chhatrapati Sambhajinagar,Gangapur
Rajasthan,Sawai Madhopur,Gangapur
Telangana,Mahabubabad,Gangaram
West Bengal,Dakshin Dinajpur,Gangarampur
Himachal Pradesh,Kangra,Gangath
Tamil Nadu,Salem,Gangavalli
Andhra Pradesh,Polavaram,Gangavaram
Andhra Pradesh,Chittoor,Gangavaram
Karnataka,Koppal,Gangawati
Rajasthan,Jhalawar,Gangdhar
Uttarakhand,Pithoragarh,Gangolihat
Rajasthan,Chittorgarh,Gangrar
Arunachal Pradesh,Kra Daadi,Gangte Circle
Sikkim,Gangtok,Gangtok
Andhra Pradesh,Srikakulam,Ganguvarisigadam
Odisha,Nayagarh,Gania
Odisha,Ganjam,Ganjam
Andhra Pradesh,Krishna,Gannavaram
Telangana,Karimnagar,Ganneruvaram
Rajasthan,Banswara,Ganora
Andhra Pradesh,Vizianagaram,Gantyada
Andhra Pradesh,Srikakulam,Gara
Odisha,Kendrapara,Garadpur
Uttar Pradesh,Jhansi,Garautha
Gujarat,Dahod,Garbada
West Bengal,Paschim Medinipur,Garbeta - I
West Bengal,Paschim Medinipur,Garbeta - II
West Bengal,Paschim Medinipur,Garbeta - III
Madhya Pradesh,Sagar,Garhakota
Bihar,Bhojpur,Garhani
Rajasthan,Rajsamand,Garhbor
Rajasthan,Banswara,Garhi
Uttar Pradesh,Hapur,Garhmukteshwar
Bihar,Begusarai,Garhpura
Punjab,Hoshiarpur,Garhshankar
Jharkhand,Garhwa,Garhwa
Gujarat,Bhavnagar,Gariadhar
Telangana,Suryapet,Garidepally
Andhra Pradesh,Vizianagaram,Garividi
Chhattisgarh,Gariyaband,Gariyaband
Bihar,Saran,Garkha
Telangana,Mahabubabad,Garla
Andhra Pradesh,Ananthapuramu,Garladinne
Madhya Pradesh,Mandsaur,Garoth
Jharkhand,Latehar,Garu
Uttarakhand,Bageshwar,Garud
Gujarat,Narmada,Garudeshwar
Andhra Pradesh,Parvathipuram Manyam,Garugubilli
Meghalaya,South Garo Hills,Gasuapara
Telangana,Nalgonda,Gattuppal
Bihar,Pashchim Champaran,Gaunaha
Haryana,Faridabad,Gaunchi St
Karnataka,Chikkaballapura,Gauribidanur
Uttar Pradesh,Amethi,Gauriganj
Madhya Pradesh,Chhatarpur,Gaurihar
Assam,Dhubri,Gauripur
Uttar Pradesh,Gautam Buddha Nagar,Gautam Buddha Nagar
Jharkhand,Giridih,Gawan
Bihar,Gaya,Gaya Town C.D.Block
West Bengal,Malda,Gazole
Telangana,Warangal,Geesugonda
Arunachal Pradesh,Upper Siang,Geku Eac
Arunachal Pradesh,Upper Siang,Gelling Circle
Arunachal Pradesh,Lower Siang,Gensi Eac
Maharashtra,Beed,Georai
Arunachal Pradesh,Kamle,Gepen Circle
Uttarakhand,Chamoli,Ghaat
Jharkhand,Gumla,Ghaghra
Jammu And Kashmir,Samba,Ghagwal
Bihar,Madhepura,Ghailarh
Himachal Pradesh,Una,Ghanari
Uttar Pradesh,Sant Kabir Nagar,Ghanghata
Telangana,Wanaparthy,Ghanpur
Telangana,Jayashankar Bhupalapally,Ghanpur (Mulug)
Telangana,Jangoan,Ghanpur (Station)
Uttarakhand,Tehri Garhwal,Ghansali
Madhya Pradesh,Seoni,Ghansaur
Maharashtra,Jalna,Ghansawangi
Bihar,Darbhanga,Ghanshyampur
Andhra Pradesh,Krishna,Ghantasala
Rajasthan,Phalodi,Ghantiyali
Haryana,Karnal,Gharaunda
Chhattisgarh,Raigarh,Gharghoda
Rajasthan,Ganganagar,Gharsana
Rajasthan,Udaipur,Ghasa
Odisha,Keonjhar,Ghasipura
West Bengal,Paschim Medinipur,Ghatal
Uttar Pradesh,Kanpur Nagar,Ghatampur
Maharashtra,Yavatmal,Ghatanji
Odisha,Keonjhar,Ghatgaon
Nagaland,Zunheboto,Ghathashi
Madhya Pradesh,Gwalior,Ghatigaon
Madhya Pradesh,Ujjain,Ghatiya
Telangana,Medchal Malkajgiri,Ghatkesar
Bihar,Sheikhpura,Ghat Kusumbha
Gujarat,Ahmedabad,Ghatlodiya
Rajasthan,Banswara,Ghatol
Jharkhand,East Singhbum,Ghatshila
Telangana,Jogulamba Gadwal,Ghattu
Uttar Pradesh,Ghaziabad,Ghaziabad
Uttar Pradesh,Ghazipur,Ghazipur
Uttar Pradesh,Mainpuri,Ghiror
Madhya Pradesh,Betul,Ghoda Dongri
Gujarat,Bhavnagar,Ghogha
Gujarat,Panch Mahals,Ghoghamba
Bihar,Madhubani,Ghoghardiha
Assam,Nalbari,Ghograpar (Pt)
Bihar,Purbi Champaran,Ghorasahan
Uttar Pradesh,Sonbhadra,Ghorawal
Bihar,Jehanabad,Ghoshi
Uttar Pradesh,Mau,Ghosi
Bihar,Patna,Ghoswari
Madhya Pradesh,Mandla,Ghughari
Himachal Pradesh,Bilaspur,Ghumarwin
Chhattisgarh,Rajnandgaon,Ghumka
Odisha,Ganjam,Ghumusar
Madhya Pradesh,Chhatarpur,Ghuwara
Arunachal Pradesh,Upper Subansiri,Giba Circle
Rajasthan,Balotra,Gida
Chhattisgarh,Dakshin Bastar Dantewada,Gidam
Andhra Pradesh,Markapuram,Giddalur
Punjab,Sri Muktsar Sahib,Gidderbaha
Jharkhand,Chatra,Gidhaur
Bihar,Jamui,Gidhaur
Tamil Nadu,Viluppuram,Gingee
Madhya Pradesh,Gwalior,Gird
Gujarat,Gir Somnath,Gir Gadhda
Bihar,Nalanda,Giriak
Jharkhand,Giridih,Giridih
Rajasthan,Udaipur,Girwa
Arunachal Pradesh,Upper Subansiri,Gite Ripa Circle
Andhra Pradesh,Alluri Sitharama Raju,G.Madugula
West Bengal,Uttar Dinajpur,Goalpokher - I
West Bengal,Uttar Dinajpur,Goalpokher - II
Tamil Nadu,Erode,Gobichettipalayam
Jharkhand,Dhanbad,Gobindpur
Bihar,Nawada,Gobindpur
Jharkhand,Saraikela Kharsawan,Gobindpur(Rajnagar)
Chhattisgarh,Raipur,Gobra Nawapara
Jharkhand,Godda,Godda
Gujarat,Mahisagar,Godhar
Gujarat,Panch Mahals,Godharacity
Gujarat,Panch Mahals,Godhra
Assam,Dhemaji,Gogamukh
Madhya Pradesh,Khargone (West Nimar),Gogaon
West Bengal,Hooghly,Goghat - I
West Bengal,Hooghly,Goghat - II
Bihar,Khagaria,Gogri
Rajasthan,Udaipur,Gogunda
Bihar,Aurangabad,Goh
Madhya Pradesh,Bhind,Gohad
Haryana,Sonipat,Gohana
Madhya Pradesh,Raisen,Goharganj
Madhya Pradesh,Shahdol,Gohparu
Assam,Biswanath,Gohpur
Arunachal Pradesh,Anjaw,Goiliang Circle
Jharkhand,West Singhbhum,Goilkera
Karnataka,Belagavi,Gokak
Delhi,North East,Gokalpur
Andhra Pradesh,East Godavari,Gokavaram
Jharkhand,Ramgarh,Gola
Uttar Pradesh,Gorakhpur,Gola
Assam,Golaghat,Golaghat
Uttar Pradesh,Kheri,Gola Gokaran Nath
Assam,Dhubri,Golakganj Pt
Odisha,Kalahandi,Golamunda
Telangana,Hyderabad,Golconda
Telangana,Jagitial,Gollapalli
Andhra Pradesh,Kakinada,Gollaprolu
Jharkhand,East Singhbum,Golmuri-Cum-Jugsalai
Andhra Pradesh,Anakapalli,Golugonda
Jharkhand,Bokaro,Gomia
Uttar Pradesh,Gonda,Gonda
Gujarat,Rajkot,Gondal
Gujarat,Rajkot,Gondal City
Tripura,Dhalai,Gonda Twisa
Maharashtra,Gondia,Gondiya
Maharashtra,Chandrapur,Gondpipri
Andhra Pradesh,Kurnool,Gonegandla
Jammu And Kashmir,Ramban,Gool
Andhra Pradesh,Ananthapuramu,Gooty
Odisha,Puri,Gop
Odisha,Mayurbhanj,Gopabandhunagar
Madhya Pradesh,Sidhi,Gopadbanas
Andhra Pradesh,Visakhapatnam,Gopalapatnam
Andhra Pradesh,East Godavari,Gopalapuram
Bihar,Gopalganj,Gopalganj
Telangana,Wanaparthy,Gopalpeta
Bihar,Bhagalpur,Gopalpur
Andhra Pradesh,Y.S.R. Kadapa,Gopavaram
West Bengal,Jhargram,Gopiballavpur - I
West Bengal,Jhargram,Gopiballavpur - II
Jharkhand,Dumka,Gopikandar
Bihar,Darbhanga,Gora Bauram
Bihar,Bhagalpur,Goradih
Uttar Pradesh,Gorakhpur,Gorakhpur
Madhya Pradesh,Jabalpur,Gorakhpur
Andhra Pradesh,Sri Sathya Sai,Gorantla
Bihar,Vaishali,Goraul
Maharashtra,Gondia,Goregaon
Assam,Tamulpur,Goreswar (Pt)
Bihar,Siwan,Goriakothi
Haryana,Sirsa,Goriwala St
Madhya Pradesh,Bhind,Gormi
Assam,Kamrup,Goroimari
West Bengal,Kalimpong,Gorubathan
West Bengal,South 24 Parganas,Gosaba
Andhra Pradesh,Nandyal,Gospadu
Assam,Kokrajhar,Gossaigaon (Pt)
Madhya Pradesh,Narsimhapur,Gotegaon
Uttar Pradesh,Mathura,Govardhan
Telangana,Mulugu,Govindaraopet
Rajasthan,Alwar,Govindgarh
Gujarat,Dahod,Govindguru Limdi
Andaman And Nicobar Islands,Nicobars,Great Nicobar
Karnataka,Tumakuru,Gubbi
Tamil Nadu,The Nilgiris,Gudalur
Odisha,Rayagada,Gudari
Odisha,Kandhamal,G.Udayagiri
Andhra Pradesh,Alluri Sitharama Raju,Gudem Kotha Veedhi
Rajasthan,Jhunjhunu,Gudhagorji
Rajasthan,Balotra,Gudha Malani
Karnataka,Chikkaballapura,Gudibanda
Andhra Pradesh,Sri Sathya Sai,Gudibanda
Telangana,Adilabad,Gudihatnoor
Andhra Pradesh,Chittoor,Gudipala
Telangana,Nalgonda,Gudipally
Andhra Pradesh,Krishna,Gudivada
Tamil Nadu,Vellore,Gudiyatham
Andhra Pradesh,Krishna,Gudlavalleru
Andhra Pradesh,Prakasam,Gudluru
Jharkhand,West Singhbhum,Gudri
Andhra Pradesh,Chittoor,Gudupalle
Andhra Pradesh,Sri Potti Sriramulu Nellore,Gudur
Telangana,Mahabubabad,Gudur
Andhra Pradesh,Kurnool,Gudur
Andhra Pradesh,Krishna,Guduru
Maharashtra,Ratnagiri,Guhagar
Haryana,Kaithal,Guhla
Tamil Nadu,Chennai,Guindy
Tamil Nadu,Dindigul,Gujiliamparai
Madhya Pradesh,Vidisha,Gulabganj
Madhya Pradesh,Shajapur,Gulana
Karnataka,Bagalkote,Guledgudda
Jharkhand,Gumla,Gumla
Odisha,Gajapati,Gumma
Telangana,Sangareddy,Gummadidala
Andhra Pradesh,Ananthapuramu,Gummagatta
Andhra Pradesh,Parvathipuram Manyam,Gummalakshmipuram
Tamil Nadu,Thiruvallur,Gummidipoondi
Arunachal Pradesh,Papum Pare,Gumto Circle
Madhya Pradesh,Guna,Guna
Madhya Pradesh,Guna,Guna Nagar
Jammu And Kashmir,Ganderbal,Gund
Telangana,Yadadri Bhuvanagiri,Gundala
Telangana,Bhadradri Kothagudem,Gundala
Chhattisgarh,Balod,Gunderdehi
Telangana,Nalgonda,Gundlapally
Karnataka,Chamarajanagar,Gundlupet
Jammu And Kashmir,Doda,Gundna
Telangana,Narayanpet,Gundumal
Uttar Pradesh,Sambhal,Gunnaur
Madhya Pradesh,Panna,Gunnor
Andhra Pradesh,Ananthapuramu,Guntakal
Andhra Pradesh,Guntur,Guntur East
Andhra Pradesh,Guntur,Guntur West
Odisha,Rayagada,Gunupur
Andhra Pradesh,Palnadu,Gurajala
Bihar,Gaya,Guraru
Jharkhand,East Singhbum,Gurbandha
Punjab,Gurdaspur,Gurdaspur
Jammu And Kashmir,Bandipora,Gurez
Haryana,Gurugram,Gurgaon
Madhya Pradesh,Rewa,Gurh
Andhra Pradesh,Vizianagaram,Gurla
Karnataka,Yadgir,Gurmitakal
Andhra Pradesh,Annamayya,Gurramkonda
Telangana,Nalgonda,Gurrampode
Andhra Pradesh,Polavaram,Gurthedu
Bihar,Gaya,Gurua
Punjab,Ferozepur,Guruharsahai
Odisha,Sundargarh,Gurundia
Chhattisgarh,Balod,Gurur
Bihar,Siwan,Guthani
Assam,Kamrup Metro,Guwahati
Madhya Pradesh,Gwalior,Gwalior Gramin
Bihar,Madhepura,Gwalpara
Sikkim,Gyalshing,Gyalshing
Uttar Pradesh,Bhadohi,Gyanpur
Madhya Pradesh,Vidisha,Gyaraspur
Arunachal Pradesh,East Kameng,Gyawe Purang Circle
West Bengal,Malda,Habibpur
West Bengal,North 24 Parganas,Habra - I
West Bengal,North 24 Parganas,Habra - II
Gujarat,Banas Kantha,Hadad
Karnataka,Vijayanagara,Hadagalli
Rajasthan,Bikaner,Hadan
Maharashtra,Nanded,Hadgaon
Assam,Dima Hasao,Haflong
Karnataka,Vijayanagara,Hagaribommanahalli
Uttar Pradesh,Bara Banki,Haidergarh
Jharkhand,Palamu,Haidernagar
Assam,Hailakandi,Hailakandi
Jammu And Kashmir,Bandipora,Hajin
Bihar,Vaishali,Hajipur
Telangana,Mancherial,Hajipur
Assam,Kamrup,Hajo
Andhra Pradesh,Kurnool,Halaharvi
West Bengal,Purba Medinipur,Haldia
West Bengal,Cooch Behar,Haldibari
Uttarakhand,Nainital,Haldwani
Karnataka,Uttara Kannada,Haliyal
Gujarat,Panch Mahals,Halol
Bihar,Lakhisarai,Halsi
Gujarat,Morbi,Halvad
Rajasthan,Bhilwara,Hameergarh
Himachal Pradesh,Hamirpur,Hamirpur
Uttar Pradesh,Hamirpur,Hamirpur
Telangana,Hanumakonda,Hanamkonda
Uttar Pradesh,Prayagraj,Handia
Madhya Pradesh,Harda,Handiya
Jammu And Kashmir,Kupwara,Handwara
Karnataka,Haveri,Hangal
Himachal Pradesh,Kinnaur,Hangrang
Haryana,Hansi,Hansi
West Bengal,Nadia,Hanskhali
Gujarat,Bharuch,Hansot
Madhya Pradesh,MAUGANJ,Hanumana
Rajasthan,Hanumangarh,Hanumangarh
Bihar,Darbhanga,Hanumannagar
Andhra Pradesh,Markapuram,Hanumanthuni Padu
Karnataka,Chamarajanagar,Hanur
Telangana,Mahabubnagar,Hanwada
Manipur,Noney,Haochong
Uttar Pradesh,Hapur,Hapur
Odisha,Boudh,Harabhanga
Karnataka,Vijayanagara,Harapanahalli
Himachal Pradesh,Kangra,Harchakian
Madhya Pradesh,Harda,Harda
Chhattisgarh,Korba,Hardibazar
Uttar Pradesh,Hardoi,Hardoi
Uttarakhand,Haridwar,Hardwar
Odisha,Keonjhar,Harichandanpur
Karnataka,Davanagere,Harihar
Jharkhand,Palamu,Hariharganj
West Bengal,Murshidabad,Hariharpara
Gujarat,Patan,Harij
West Bengal,Nadia,Haringhata
West Bengal,Hooghly,Haripal
Himachal Pradesh,Kangra,Haripur
Himachal Pradesh,Sirmaur,Haripurdhar
West Bengal,Dakshin Dinajpur,Harirampur
West Bengal,Malda,Harischandrapur - I
West Bengal,Malda,Harischandrapur - II
Assam,Udalguri,Harisinga
Bihar,Madhubani,Harlakhi
Jammu And Kashmir,Shopian,Harmain
Bihar,Nalanda,Harnaut
West Bengal,North 24 Parganas,Haroa
Karnataka,Bengaluru South,Harohalli
Himachal Pradesh,Una,Haroli
Madhya Pradesh,Chhindwara,Harrai
Uttar Pradesh,Basti,Harraiya
Haryana,Gurugram,Harsaru St
Bihar,Purbi Champaran,Harsidhi
Rajasthan,Khairthal-Tijara,Harsoli
Madhya Pradesh,Khandwa (East Nimar),Harsud
Tamil Nadu,Dharmapuri,Harur
Uttar Pradesh,Unnao,Hasanganj
Bihar,Katihar,Hasanganj
Telangana,Hanumakonda,Hasanparthy
Uttar Pradesh,Amroha,Hasanpur
Bihar,Samastipur,Hasanpur
Bihar,Siwan,Hasanpura
West Bengal,North 24 Parganas,Hasnabad
Chhattisgarh,Sakti,Hasoud
Bihar,Aurangabad,Haspura
Karnataka,Hassan,Hassan
Haryana,Palwal,Hassanpur St
Uttar Pradesh,Kushinagar,Hata
Odisha,Keonjhar,Hatadihi
Jharkhand,West Singhbhum,Hat Gamharia
Haryana,Palwal,Hathin
Telangana,Sangareddy,Hathnoora
Uttar Pradesh,Hathras,Hathras
Bihar,Gopalganj,Hathua
Maharashtra,Kolhapur,Hatkanangle
Madhya Pradesh,Indore,Hatod
Madhya Pradesh,Dewas,Hatpiplya
Madhya Pradesh,Damoh,Hatta
Jammu And Kashmir,Poonch,Haveli
Maharashtra,Pune,Haveli
Telangana,Medak,Havelighanapur
Karnataka,Haveri,Haveri
Arunachal Pradesh,Anjaw,Hawai Hq
Bihar,Darbhanga,Hayaghat
Telangana,Ranga Reddy,Hayathnagar
Arunachal Pradesh,Anjaw,Hayuliang Adc
Jharkhand,Hazaribagh,Hazaribag
Karnataka,Udupi,Hebri
Karnataka,Mysuru,Heggadadevankote
Assam,Biswanath,Helem
Odisha,Sundargarh,Hemgir
West Bengal,Uttar Dinajpur,Hemtabad
Manipur,Churachandpur,Henglep
Jharkhand,Latehar,Herhanj
West Bengal,Dakshin Dinajpur,Hilli
Bihar,Nalanda,Hilsa
Gujarat,Sabar Kantha,Himatnagar
Maharashtra,Nanded,Himayatnagar
Telangana,Hyderabad,Himayatnagar
Rajasthan,Karauli,Hindaun
Odisha,Dhenkanal,Hindol
Rajasthan,Bundi,Hindoli
Andhra Pradesh,Sri Sathya Sai,Hindupur
West Bengal,North 24 Parganas,Hingalganj
Maharashtra,Wardha,Hinganghat
Maharashtra,Nagpur,Hingna
Maharashtra,Hingoli,Hingoli
Odisha,Ganjam,Hinjili
Andhra Pradesh,Srikakulam,Hiramandalam
Jammu And Kashmir,Kathua,Hiranagar
Jharkhand,Pakur,Hiranpur
West Bengal,Bankura,Hirbandh
Karnataka,Haveri,Hirekerur
Karnataka,Chitradurga,Hiriyur
Haryana,Hisar,Hisar
Bihar,Nawada,Hisua
Mizoram,Hnahthial,Hnahthial
Haryana,Palwal,Hodal
Assam,Hojai,Hojai
Andhra Pradesh,Kurnool,Holagunda
Karnataka,Chitradurga,Holalkere
Karnataka,Hassan,Hole Narsipur
Himachal Pradesh,Chamba,Holi
Karnataka,Bidar,Homnabad
Karnataka,Uttara Kannada,Honavar
Karnataka,Davanagere,Honnali
Karnataka,Bengaluru Rural,Hosakote
Karnataka,Shivamogga,Hosanagara
Karnataka,Vijayanagara,Hosapete
Kerala,Kasaragod,Hosdurg
Karnataka,Chitradurga,Hosdurga
Madhya Pradesh,Narmadapuram,Hoshangabad
Madhya Pradesh,Narmadapuram,Hoshangabad Nagar
Punjab,Hoshiarpur,Hoshiarpur
Tamil Nadu,Krishnagiri,Hosur
Karnataka,Dharwad,Hubballi
Karnataka,Dharwad,Hubballi Urban
Karnataka,Belagavi,Hukkeri
Andhra Pradesh,Alluri Sitharama Raju,Hukumpeta
Bihar,Jehanabad,Hulasganj
Karnataka,Bidar,Hulsoor
Karnataka,Yadgir,Hunasagi
Karnataka,Bagalkote,Hungund
Arunachal Pradesh,Lower Dibang Valley,Hunli Sdo
Karnataka,Mysuru,Hunsur
Nagaland,Mon,Hunta
West Bengal,Purulia,Hura
Rajasthan,Bhilwara,Hurda
Telangana,Siddipet,Husnabad
Jharkhand,Palamu,Hussainabad
Bihar,Siwan,Hussainganj
Madhya Pradesh,Rewa,Huzur
Madhya Pradesh,Bhopal,Huzur
Telangana,Karimnagar,Huzurabad
Telangana,Suryapet,Huzurnagar
Madhya Pradesh,Rewa,Huzur Nagar
Andhra Pradesh,Ntr,Ibrahimpatnam
Telangana,Ranga Reddy,Ibrahimpatnam
Telangana,Jagitial,Ibrahimpatnam
Jharkhand,Saraikela Kharsawan,Ichagarh
Jharkhand,Hazaribagh,Ichak
Andhra Pradesh,Srikakulam,Ichchapuram
Madhya Pradesh,Sehore,Ichhawar
Telangana,Adilabad,Ichoda
Gujarat,Sabar Kantha,Idar
Kerala,Idukki,Idukki
Telangana,Jogulamba Gadwal,Ieeja
Maharashtra,Nashik,Igatpuri
Uttar Pradesh,Aligarh,Iglas
Uttar Pradesh,Shrawasti,Ikauna
Tamil Nadu,Sivaganga,Ilayangudi
Karnataka,Bagalkote,Ilkal
West Bengal,Birbhum,Illambazar
Telangana,Rajanna Sircilla,Illanthakunta
Tamil Nadu,Pudukkottai,Iluppur
Bihar,Gaya,Imamganj
Telangana,Hanumakonda,Inavole
Telangana,Nizamabad,Indalwai
Maharashtra,Pune,Indapur
Telangana,Adilabad,Inderavelly
Madhya Pradesh,Datia,Indergarh
Karnataka,Vijayapura,Indi
Himachal Pradesh,Kangra,Indora
West Bengal,Bankura,Indpur
Rajasthan,Bundi,Indragarh
Haryana,Nuh,Indri
Haryana,Karnal,Indri
Andhra Pradesh,Sri Potti Sriramulu Nellore,Indukurpet
West Bengal,Bankura,Indus
Andhra Pradesh,Bapatla,Inkollu
Telangana,Mahabubabad,Inugurthy
Andhra Pradesh,Dr. B.R. Ambedkar Konaseema,I. Polavaram
Andhra Pradesh,Palnadu,Ipuru
Andhra Pradesh,West Godavari,Iragavaram
Andhra Pradesh,Chittoor,Irala
Kerala,Kannur,Iritty
Madhya Pradesh,Ashoknagar,Isagarh
Bihar,Saran,Ishupur
Bihar,Jamui,Islamnagar Aliganj
West Bengal,Uttar Dinajpur,Islampur
Bihar,Nalanda,Islampur
Manipur,Kangpokpi,Island
Haryana,Kurukshetra,Ismailabad St
Bihar,Bhagalpur,Ismailpur
Himachal Pradesh,Una,Ispur
Haryana,Panipat,Israna
West Bengal,Uttar Dinajpur,Itahar
Arunachal Pradesh,Papum Pare,Itanagar Eac
Bihar,Buxar,Itarhi
Madhya Pradesh,Narmadapuram,Itarsi
Telangana,Jogulamba Gadwal,Itikyala
Jharkhand,Chatra,Itkhori
Jharkhand,Ranchi,Itki
Uttar Pradesh,Siddharthnagar,Itwa
Madhya Pradesh,Jabalpur,Jabalpur
Madhya Pradesh,Damoh,Jabera
Telangana,Mahabubnagar,Jadcherla
Maharashtra,Jalna,Jafrabad
Gujarat,Amreli,Jafrabad
Haryana,Yamunanagar,Jagadhri
Karnataka,Davanagere,Jagalur
Odisha,Ganjam,Jagannath Prasad
Jharkhand,West Singhbhum,Jagannathpur
Chhattisgarh,Sukma,Jagargunda
West Bengal,Howrah,Jagatballavpur
Odisha,Jagatsinghapur,Jagatsinghapur
Chhattisgarh,Bastar,Jagdalpur
Telangana,Siddipet,Jagdevpur
Bihar,Bhojpur,Jagdishpur
Bihar,Bhagalpur,Jagdishpur
Andhra Pradesh,Ntr,Jaggaiahpeta
Andhra Pradesh,Kakinada,Jaggampeta
Telangana,Jagitial,Jagitial
Telangana,Jagitial,Jagitial Rural
Punjab,Ludhiana,Jagraon
Rajasthan,Bhilwara,Jahazpur
Himachal Pradesh,Hamirpur,Jahu
Chhattisgarh,Sakti,Jaijaipur
Jharkhand,Koderma,Jainagar
Bihar,Madhubani,Jainagar
Telangana,Adilabad,Jainath
Telangana,Kumuram Bheem Asifabad,Jainoor
Uttarakhand,Almora,Jainti
Rajasthan,Jaipur,Jaipur
West Bengal,Purulia,Jaipur
Telangana,Mancherial,Jaipur
Arunachal Pradesh,Changlang,Jairampur Adc
Rajasthan,Jaisalmer,Jaisalmer
Madhya Pradesh,Sagar,Jaisinagar
Madhya Pradesh,Shahdol,Jaisinghnagar
Himachal Pradesh,Kangra,Jaisinghpur
Uttar Pradesh,Sultanpur,Jaisinghpur
Rajasthan,Beawar,Jaitaran
Madhya Pradesh,Anuppur,Jaithari
Madhya Pradesh,Shahdol,Jaitpur
Punjab,Faridkot,Jaitu
Telangana,Suryapet,Jajireddygudem
Odisha,Jajpur,Jajpur
Haryana,Fatehabad,Jakhal St
Nagaland,Kohima,Jakhama
Uttar Pradesh,Ghazipur,Jakhania
Uttarakhand,Tehri Garhwal,Jakhani Dhar
Uttarakhand,Pauri Garhwal,Jakhanikhal
Uttarakhand,Rudraprayag,Jakholi*
Telangana,Nizamabad,Jakranpally
Andhra Pradesh,Sri Potti Sriramulu Nellore,Jaladanki
Assam,Baksa,Jalah (Pt)
Uttar Pradesh,Shahjahanpur,Jalalabad
Punjab,Fazilka,Jalalabad
Bihar,Purnia,Jalalgarh
Uttarakhand,Almora,Jalali
Gujarat,Navsari,Jalalpore
Bihar,Saran,Jalalpur
Uttar Pradesh,Ambedkar Nagar,Jalalpur
Punjab,Jalandhar,Jalandhar - I
Punjab,Jalandhar,Jalandhar - II
West Bengal,Murshidabad,Jalangi
Uttar Pradesh,Jalaun,Jalaun
Jharkhand,Simdega,Jaldega
Bihar,Darbhanga,Jale
Uttar Pradesh,Etah,Jalesar
Odisha,Balasore,Jaleswar
Maharashtra,Jalgaon,Jalgaon
Maharashtra,Buldhana,Jalgaon (Jamod)
Maharashtra,Latur,Jalkot
Maharashtra,Jalna,Jalna
Himachal Pradesh,Shimla,Jalog
Rajasthan,Jalore,Jalore
West Bengal,Jalpaiguri,Jalpaiguri
Rajasthan,Jaipur,Jalsu
Nagaland,Peren,Jalukie
Andhra Pradesh,Srikakulam,Jalumuru
Jharkhand,Dumka,Jama
Madhya Pradesh,Chhindwara,Jamai (Junnardeo)
West Bengal,Purba Bardhaman,Jamalpur
Bihar,Munger,Jamalpur
Odisha,Sambalpur,Jamankira
West Bengal,Jhargram,Jamboni
Gujarat,Panch Mahals,Jambughoda
Gujarat,Bharuch,Jambusar
Odisha,Mayurbhanj,Jamda
Andhra Pradesh,Vizianagaram,Jami
Arunachal Pradesh,West Kameng,Jamiri Circle
Gujarat,Jamnagar,Jamjodhpur
Gujarat,Rajkot,Jamkandorna
Karnataka,Bagalkote,Jamkhandi
Maharashtra,Ahilyanagar,Jamkhed
Andhra Pradesh,Y.S.R. Kadapa,Jammalamadugu
Telangana,Karimnagar,Jammikunta
Jammu And Kashmir,Jammu,Jammu
Jammu And Kashmir,Jammu,Jammu North
Jammu And Kashmir,Jammu,Jammu South
Jammu And Kashmir,Jammu,Jammu West
Gujarat,Jamnagar,Jamnagar City
Gujarat,Jamnagar,Jamnagar Rural
Maharashtra,Jalgaon,Jamner
Tripura,Sepahijala,Jampuijala
Jharkhand,Jamtara,Jamtara
Jharkhand,Giridih,Jamua
Bihar,Jamui,Jamui
Uttar Pradesh,Shrawasti,Jamunaha
Tamil Nadu,Tiruvannamalai,Jamunamarathoor
West Bengal,Paschim Bardhaman,Jamuria
Rajasthan,Jaipur,Jamwaramgarh
Delhi,West,Janakpuri
Bihar,Vaishali,Jandaha
Arunachal Pradesh,Tawang,Jang Adc
Andhra Pradesh,Eluru,Jangareddigudem
West Bengal,Hooghly,Jangipara
Himachal Pradesh,Shimla,Jangla
Telangana,Jangoan,Jangoan
Delhi,South East,Jangpura
Chhattisgarh,Janjgir-Champa,Janjgir
Telangana,Mancherial,Jannaram
Rajasthan,Deeg,Janoothar
Uttar Pradesh,Muzaffarnagar,Jansath
Maharashtra,Satara,Jaoli
Madhya Pradesh,Ratlam,Jaora
Chhattisgarh,Mungeli,Jarhagaon
Himachal Pradesh,Kullu,Jari
Jharkhand,Bokaro,Jaridih
Jharkhand,Dumka,Jarmundi
Gujarat,Rajkot,Jasdan
Odisha,Mayurbhanj,Jashipur
Chhattisgarh,Jashpur,Jashpur
Uttarakhand,Udham Singh Nagar,Jaspur
Uttar Pradesh,Firozabad,Jasrana
Rajasthan,Bikaner,Jasrasar
Himachal Pradesh,Kangra,Jaswan
Uttar Pradesh,Etawah,Jaswantnagar
Rajasthan,Jalore,Jaswantpura
Maharashtra,Sangli,Jat
Odisha,Khordha,Jatani
Madhya Pradesh,Tikamgarh,Jatara
Uttar Pradesh,Jaunpur,Jaunpur
Madhya Pradesh,Rewa,Jawa
Madhya Pradesh,Neemuch,Jawad
Himachal Pradesh,Kangra,Jawalamukhi
Himachal Pradesh,Kangra,Jawali
Madhya Pradesh,Sehore,Jawar
Maharashtra,Palghar,Jawhar
Rajasthan,Nagaur,Jayal
Odisha,Kalahandi,Jayapatna
West Bengal,South 24 Parganas,Jaynagar - I
West Bengal,South 24 Parganas,Jaynagar - II
West Bengal,Bankura,Jaypur
Andhra Pradesh,Eluru,Jeelugu Milli
Madhya Pradesh,Rajgarh,Jeerapur
Bihar,Jehanabad,Jehanabad
Arunachal Pradesh,Upper Siang,Jengging Circle
Gujarat,Bhavnagar,Jesar
Manipur,Ukhrul,Jessami
Gujarat,Rajkot,Jetpur
Gujarat,Rajkot,Jetpur City
Gujarat,Chhotaudepur,Jetpur Pavi
Karnataka,Kalaburagi,Jevargi
Uttar Pradesh,Gautam Buddha Nagar,Jewar
Odisha,Koraput,Jeypore
Madhya Pradesh,Jhabua,Jhabua
Rajasthan,Udaipur,Jhadol
Gujarat,Bharuch,Jhagadia
Bihar,Jamui,Jhajha
Haryana,Jhajjar,Jhajjar
West Bengal,Purulia,Jhalda - I
West Bengal,Purulia,Jhalda - II
Rajasthan,Salumbar,Jhallara
Gujarat,Dahod,Jhalod
Rajasthan,Jhalawar,Jhalrapatan
Himachal Pradesh,Bilaspur,Jhanduta
Bihar,Madhubani,Jhanjharpur
Uttar Pradesh,Jhansi,Jhansi
Rajasthan,Jodhpur,Jhanwar
Telangana,Sangareddy,Jharasangam
Odisha,Bargarh,Jharbandh
Madhya Pradesh,Ujjain,Jharda
West Bengal,Jhargram,Jhargram
Jharkhand,Dhanbad,Jharia-Cum-Jorapokhar-Cum-Sindri
Odisha,Nabarangpur,Jharigan
Odisha,Jharsuguda,Jharsuguda
Jharkhand,West Singhbhum,Jhinkpani
Madhya Pradesh,Khargone (West Nimar),Jhiranya
Rajasthan,Dungarpur,Jhonthripal
Odisha,Keonjhar,Jhumpura
Rajasthan,Jhunjhunu,Jhunjhunu
Uttarakhand,Chamoli,Jilasu
Telangana,Ranga Reddy,Jilled Chowdergudem
Haryana,Jind,Jind
Telangana,Sangareddy,Jinnaram
Maharashtra,Parbhani,Jintur
Madhya Pradesh,Neemuch,Jiran
Meghalaya,Ri Bhoi,Jirang
Tripura,West Tripura,Jirania
Manipur,Jiribam,Jiribam
Maharashtra,Chandrapur,Jiwati
Andhra Pradesh,Parvathipuram Manyam,Jiyyammavalasa
Madhya Pradesh,Alirajpur,Jobat
Rajasthan,Jaipur,Jobner
Rajasthan,Jodhpur,Jodhpur
Gujarat,Jamnagar,Jodiya
Bihar,Pashchim Champaran,Jogapatti
Himachal Pradesh,Mandi,Jogindarnagar
Bihar,Araria,Jokihat
Himachal Pradesh,Una,Jol
Arunachal Pradesh,Siang,Jomlo Mobuk Circle
Assam,Dhemaji,Jonai
West Bengal,Darjeeling,Jorebunglow Sukiapokhri
Sikkim,Namchi,Jorethang
Assam,Jorhat,Jorhat East
Assam,Jorhat,Jorhat West
Uttarakhand,Chamoli,Joshimath
Uttarakhand,Uttarkashi,Joshiyara
Gujarat,Mahesana,Jotana
Madhya Pradesh,Morena,Joura
Jammu And Kashmir,Jammu,Jourian
Andhra Pradesh,Prakasam,J.Pangulur
Himachal Pradesh,Shimla,Jubbal
Odisha,Sambalpur,Jujomura
Telangana,Kamareddy,Jukkal
Haryana,Jind,Julana
Telangana,Peddapalli,Julapalli
Telangana,Bhadradri Kothagudem,Julurpadu
Gujarat,Junagadh,Junagadh
Gujarat,Junagadh,Junagadh City
Odisha,Kalahandi,Junagarh
Himachal Pradesh,Shimla,Junga
Madhya Pradesh,Indore,Juni Indore
Maharashtra,Pune,Junnar
Andhra Pradesh,Nandyal,Jupadu Bunglow
Rajasthan,Deeg,Jurhara
Sikkim,Mangan,Kabi
Odisha,Ganjam,Kabisuryanagar
Rajasthan,Bhilwara,Kachhola
Karnataka,Dakshina Kannada,Kadaba
Tamil Nadu,Ramanathapuram,Kadaladi
Assam,Lakhimpur,Kadam
Gujarat,Mahisagar,Kadana
Andhra Pradesh,Y.S.R. Kadapa,Kadapa
Tamil Nadu,Karur,Kadavur
Tamil Nadu,Salem,Kadayampatti
Tamil Nadu,Tenkasi,Kadayanallur
Telangana,Nirmal,Kaddam Peddur
Maharashtra,Sangli,Kadegaon
Gujarat,Mahesana,Kadi
Andhra Pradesh,East Godavari,Kadiam
Uttar Pradesh,Sultanpur,Kadipur
Haryana,Gurugram,Kadipur St
Andhra Pradesh,Sri Sathya Sai,Kadiri
Lakshadweep,Lakshadweep District,Kadmat
Telangana,Ranga Reddy,Kadthal
Karnataka,Chikkamagaluru,Kadur
Gujarat,Chhotaudepur,Kadval
Bihar,Katihar,Kadwa
Uttarakhand,Bageshwar,Kafligair
Maharashtra,Kolhapur,Kagal
Telangana,Kumuram Bheem Asifabad,Kagaznagar
Karnataka,Belagavi,Kagwad
Bihar,Bhagalpur,Kahalgaon
Bihar,Saharsa,Kahara
Jammu And Kashmir,Doda,Kahara
Maharashtra,Beed,Kaij
Andhra Pradesh,Eluru,Kaikaluru
Madhya Pradesh,Morena,Kailaras
Tripura,Unakoti,Kailashahar
Uttar Pradesh,Farrukhabad,Kaimganj
Uttar Pradesh,Shamli,Kairana
Jharkhand,Lohardaga,Kairo
Uttar Pradesh,Bahraich,Kaiserganj
Haryana,Kaithal,Kaithal
Andhra Pradesh,Kakinada,Kajuluru
Jammu And Kashmir,Pulwama,Kakapora
Odisha,Puri,Kakatpur
Manipur,Kakching,Kakching
West Bengal,South 24 Parganas,Kakdwip
Andhra Pradesh,Kakinada,Kakinada (Rural)
Andhra Pradesh,Kakinada,Kakinada (Urban)
Himachal Pradesh,Chamba,Kakira
Bihar,Jehanabad,Kako
Arunachal Pradesh,Papum Pare,Kakoi Circle
Andhra Pradesh,Guntur,Kakumanu
Karnataka,Kalaburagi,Kalaburagi
Uttarakhand,Nainital,Kaladhungi
Karnataka,Kalaburagi,Kalagi
Odisha,Kalahandi,Kalahandi
Assam,Udalguri,Kalaigaon
Tamil Nadu,Sivaganga,Kalaiyarkoil
Andhra Pradesh,Annamayya,Kalakada
Jammu And Kashmir,Rajouri,Kalakote
Arunachal Pradesh,West Kameng,Kalaktang Adc
Maharashtra,Dharashiv,Kalamb
Maharashtra,Yavatmal,Kalamb
Maharashtra,Nagpur,Kalameshwar
Maharashtra,Hingoli,Kalamnuri
Odisha,Kalahandi,Kalampur
Uttar Pradesh,Shahjahanpur,Kalan
Punjab,Gurdaspur,Kalanaur
Haryana,Rohtak,Kalanaur
Haryana,Sirsa,Kalanwali
Madhya Pradesh,Shajapur,Kalapipal
Karnataka,Chikkamagaluru,Kalasa
Andhra Pradesh,Y.S.R. Kadapa,Kalasapadu
Tamil Nadu,Tiruvannamalai,Kalasapakkam
Gujarat,Jamnagar,Kalavad
Tamil Nadu,Ranipet,Kalavai
Haryana,Kaithal,Kalayat
Himachal Pradesh,Shimla,Kalbog
West Bengal,Alipurduar,Kalchini
Bihar,Arwal,Kaler
Assam,Barpeta,Kalgachia
Karnataka,Dharwad,Kalghatgi
Telangana,Sangareddy,Kalher
Assam,Nagaon,Kaliabor
West Bengal,Malda,Kaliachak - I
West Bengal,Malda,Kaliachak - II
West Bengal,Malda,Kaliachak - III
West Bengal,Uttar Dinajpur,Kaliaganj
Andhra Pradesh,Eluru,Kalidindi
West Bengal,Nadia,Kaliganj
Andhra Pradesh,Sri Potti Sriramulu Nellore,Kaligiri
Andhra Pradesh,Annamayya,Kalikiri
Odisha,Malkangiri,Kalimela
West Bengal,Kalimpong,Kalimpong -I
Uttar Pradesh,Pilibhit,Kalinagar
Haryana,Panchkula,Kalka
Delhi,South East,Kalkaji
Tamil Nadu,Kanniyakumari,Kalkulam
Andhra Pradesh,West Godavari,Kalla
Tamil Nadu,Kallakurichi,Kallakkurichi
Tamil Nadu,Madurai,Kalligudi
Andhra Pradesh,Kurnool,Kallur
Telangana,Khammam,Kalluru
West Bengal,Purba Bardhaman,Kalna - I
West Bengal,Purba Bardhaman,Kalna - II
Himachal Pradesh,Bilaspur,Kalol
Gujarat,Panch Mahals,Kalol
Gujarat,Gandhinagar,Kalol City
Gujarat,Gandhinagar,Kalol Gandhinagar
Telangana,Jogulamba Gadwal,Kaloor Thimmandoddi
Himachal Pradesh,Kinnaur,Kalpa
Lakshadweep,Lakshadweep District,Kalpeni
Uttar Pradesh,Jalaun,Kalpi
Uttarakhand,Dehradun,Kalsi
Bihar,Madhubani,Kaluahi
Andhra Pradesh,Sri Potti Sriramulu Nellore,Kaluvoya
Tamil Nadu,Kallakurichi,Kalvarayan Hills
Telangana,Nagarkurnool,Kalwakurthy
Maharashtra,Nashik,Kalwan
Rajasthan,Jaipur,Kalwar
Maharashtra,Thane,Kalyan
Andhra Pradesh,Ananthapuramu,Kalyanadurg
Odisha,Rayagada,Kalyanasingpur
West Bengal,Nadia,Kalyani
Rajasthan,Balotra,Kalyanpur
Gujarat,Devbhumi Dwarka,Kalyanpur
Bihar,Purbi Champaran,Kalyanpur
Bihar,Samastipur,Kalyanpur
Odisha,Dhenkanal,Kamakshyanagar
Karnataka,Kalaburagi,Kamalapur
Telangana,Hanumakonda,Kamalapur
Andhra Pradesh,Y.S.R. Kadapa,Kamalapuram
Karnataka,Bidar,Kamalnagar
Assam,Kamrup,Kamalpur
Tripura,Dhalai,Kamalpur
Rajasthan,Deeg,Kaman
Telangana,Peddapalli,Kamanpur
Telangana,Kamareddy,Kamareddy
Andhra Pradesh,Eluru,Kamavarapukota
Arunachal Pradesh,West Siang,Kamba Adc
Andhra Pradesh,Ananthapuramu,Kambadur
Andhra Pradesh,Annamayya,Kambhamvaripalle
Jharkhand,Gumla,Kamdara
Arunachal Pradesh,West Kameng,Kamengbari Doimara Circle
Telangana,Khammam,Kamepalli
Manipur,Kamjong,Kamjong
Telangana,Nizamabad,Kammarpally
Karnataka,Ballari,Kampli
Arunachal Pradesh,Kamle,Kamporijo Circle
Maharashtra,Nagpur,Kamptee
Assam,Nagaon,Kampur
Himachal Pradesh,Sirmaur,Kamrau
Gujarat,Surat,Kamrej
Tamil Nadu,Ramanathapuram,Kamuthi
Madhya Pradesh,Indore,Kanadia
Telangana,Nalgonda,Kanagal
Andhra Pradesh,Sri Sathya Sai,Kanaganipalli
Karnataka,Koppal,Kanakagiri
Karnataka,Bengaluru South,Kanakapura
Uttarakhand,Pithoragarh,Kanalichhina
Odisha,Puri,Kanas
Kerala,Ernakulam,Kanayannur
Tripura,North Tripura,Kanchanpur
Tamil Nadu,Kancheepuram,Kancheepuram
Andhra Pradesh,Ntr,Kanchikacherla
Andhra Pradesh,Srikakulam,Kanchili
Uttarakhand,Bageshwar,Kanda
Tamil Nadu,Viluppuram,Kandachipuram
Himachal Pradesh,Solan,Kandaghat
Odisha,Kandhamal,Kandhamal
Maharashtra,Nanded,Kandhar
West Bengal,Murshidabad,Kandi
Telangana,Sangareddy,Kandi
Jharkhand,Garhwa,Kandi
Uttarakhand,Tehri Garhwal,Kandisaur
Telangana,Ranga Reddy,Kandukur
Andhra Pradesh,Prakasam,Kandukuru
Andhra Pradesh,Ananthapuramu,Kanekal
Jammu And Kashmir,Ganderbal,Kangan
Manipur,Kangpokpi,Kangchup Geljang
Tamil Nadu,Tiruppur,Kangeyam
Arunachal Pradesh,Lower Siang,Kangku Circle
Himachal Pradesh,Hamirpur,Kangoo
Manipur,Kangpokpi,Kangpokpi
Himachal Pradesh,Kangra,Kangra
Telangana,Sangareddy,Kangti
Manipur,Churachandpur,Kangvai
Jharkhand,Chatra,Kanha Chatti
Andhra Pradesh,Markapuram,Kanigiri
Odisha,Angul,Kaniha
Haryana,Mahendragarh,Kanina
Odisha,Ganjam,Kanisi
Kerala,Kottayam,Kanjirappally
Odisha,Dhenkanal,Kankadahad
Maharashtra,Sindhudurg,Kankavli
Jharkhand,Ranchi,Kanke
Chhattisgarh,Uttar Bastar Kanker,Kanker
Andhra Pradesh,Krishna,Kankipadu
Gujarat,Banas Kantha,Kankrej
West Bengal,Paschim Bardhaman,Kanksa
Maharashtra,Chhatrapati Sambhajinagar,Kannad
Telangana,Mulugu,Kannaigudem
Uttar Pradesh,Kannauj,Kannauj
Telangana,Mancherial,Kannepally
Madhya Pradesh,Dewas,Kannod
Kerala,Kannur,Kannur
Rajasthan,Udaipur,Kanod
Uttar Pradesh,Kanpur Nagar,Kanpur
Chhattisgarh,Jashpur,Kansabel
Odisha,Balangir,Kantabanji
Odisha,Boudh,Kantamal
Arunachal Pradesh,Changlang,Kantang Circle
Odisha,Cuttack,Kantapada
Uttar Pradesh,Moradabad,Kanth
Bihar,Muzaffarpur,Kanti
Arunachal Pradesh,Longding,Kanubari Adc
Rajasthan,Kota,Kanwas
Gujarat,Kheda,Kapadvanj
Rajasthan,Chittorgarh,Kapasan
Andhra Pradesh,East Godavari,Kapileswarapuram
Uttarakhand,Bageshwar,Kapkot
Telangana,Medchal Malkajgiri,Kapra
Gujarat,Valsad,Kaprada
Uttar Pradesh,Kushinagar,Kaptanganj
Odisha,Mayurbhanj,Kaptipada
Karnataka,Udupi,Kapu
Chhattisgarh,Raigarh,Kapu
Punjab,Kapurthala,Kapurthala
Maharashtra,Satara,Karad
Madhya Pradesh,Sheopur,Karahal
Puducherry,Karaikal,Karaikal
Tamil Nadu,Sivaganga,Karaikkudi
Bihar,Nalanda,Karai Parsurai
Telangana,Bhadradri Kothagudem,Karakagudem
Bihar,Rohtas,Karakat
Tamil Nadu,Pudukkottai,Karambakudi
Andhra Pradesh,Bapatla,Karamchedu
West Bengal,Uttar Dinajpur,Karandighi
Maharashtra,Washim,Karanja
Maharashtra,Wardha,Karanja
Odisha,Mayurbhanj,Karanjia
Rajasthan,Ganganagar,Karanpur
Andhra Pradesh,Kakinada,Karapa
Karnataka,Koppal,Karatagi
Rajasthan,Karauli,Karauli
Delhi,North East,Karawal Nagar
Tripura,Gomati,Karbook
Uttar Pradesh,Prayagraj,Karchhana
Madhya Pradesh,Narsimhapur,Kareli
Andhra Pradesh,Palnadu,Karempudi
Madhya Pradesh,Shivpuri,Karera
Rajasthan,Bhilwara,Karera
Bihar,Rohtas,Kargahar
Ladakh,Kargil,Kargil
Uttar Pradesh,Mainpuri,Karhal
Tamil Nadu,Virudhunagar,Kariapatti
Jharkhand,Dhanbad,Kariasol
Tamil Nadu,Dharmapuri,Karimangalam
Assam,Sribhumi,Karimganj
Telangana,Karimnagar,Karimnagar
Telangana,Karimnagar,Karimnagar Rural
West Bengal,Nadia,Karimpur - I
West Bengal,Nadia,Karimpur - II
Gujarat,Vadodara,Karjan
Maharashtra,Raigad,Karjat
Maharashtra,Ahilyanagar,Karjat
Karnataka,Udupi,Karkal
Madhya Pradesh,Umaria,Karkeli
Odisha,Kalahandi,Karlamunda
Andhra Pradesh,Bapatla,Karlapalem
Maharashtra,Solapur,Karmala
Jharkhand,Jamtara,Karma Tanr Vidyasagar*
Jammu And Kashmir,Kupwara,Karnah
Haryana,Karnal,Karnal
Uttarakhand,Chamoli,Karnaprayag
Delhi,Central,Karol Bagh
Jharkhand,Deoghar,Karon
Chhattisgarh,Bastar,Karpawand
Bihar,Arwal,Karpi
Jharkhand,Khunti,Karra
Himachal Pradesh,Mandi,Karsog
Chhattisgarh,Korba,Kartala
Kerala,Alappuzha,Karthikappally
Kerala,Kollam,Karunagappally
Tamil Nadu,Karur,Karur
Andhra Pradesh,Chittoor,Karvetinagar
Maharashtra,Kolhapur,Karvir
Karnataka,Uttara Kannada,Karwar
Uttar Pradesh,Chitrakoot,Karwi
Kerala,Kasaragod,Kasaragod
Himachal Pradesh,Solan,Kasauli
Bihar,Purnia,Kasba
Chhattisgarh,Balodabazar-Bhatapara,Kasdol
Uttar Pradesh,Kasganj,Kasganj
Bihar,Nawada,Kashi Chak
West Bengal,Purulia,Kashipur
Odisha,Rayagada,Kashipur
Uttarakhand,Udham Singh Nagar,Kashipur
Jammu And Kashmir,Doda,Kashtigarh
Uttar Pradesh,Ghazipur,Kasimabad
Andhra Pradesh,Anakapalli,Kasimkota
Odisha,Gajapati,Kasinagar
Telangana,Mancherial,Kasipet
Jharkhand,Bokaro,Kasmar
Manipur,Kamjong,Kasom Khullen
Madhya Pradesh,Khargone (West Nimar),Kasrawad
Uttar Pradesh,Kushinagar,Kasya
Jharkhand,Hazaribagh,Katamdag
Arunachal Pradesh,Upper Siang,Katan Circle
Madhya Pradesh,Balaghat,Katangi
Telangana,Jayashankar Bhupalapally,Kataram
Gujarat,Surat,Katargam
Chhattisgarh,Dakshin Bastar Dantewada,Katekalyan
Chhattisgarh,Korba,Katghora
Jharkhand,Dumka,Kathikund
Gujarat,Kheda,Kathlal
Telangana,Jagitial,Kathlapur
Jammu And Kashmir,Kathua,Kathua
Rajasthan,Alwar,Kathumar
Assam,Cachar,Katigora
Bihar,Katihar,Katihar
Bihar,Gopalganj,Katiya
Jharkhand,Hazaribagh,Katkamsandi
Assam,Hailakandi,Katlichara
Madhya Pradesh,Jabalpur,Katngi
Madhya Pradesh,Katni,Katni Nagar
Maharashtra,Nagpur,Katol
Bihar,Banka,Katoria
Himachal Pradesh,Mandi,Katoula
Tamil Nadu,Vellore,Katpadi
Bihar,Muzaffarpur,Katra
Jammu And Kashmir,Reasi,Katra
Andhra Pradesh,Dr. B.R. Ambedkar Konaseema,Katrenikona
Bihar,Nalanda,Katrisarai
Kerala,Thiruvananthapuram,Kattakkada
Telangana,Nalgonda,Kattangur
Madhya Pradesh,Alirajpur,Katthiwara
Tamil Nadu,Cuddalore,Kattumannarkoil
West Bengal,Purba Bardhaman,Katwa - I
West Bengal,Purba Bardhaman,Katwa - II
Andhra Pradesh,Sri Potti Sriramulu Nellore,Kavali
Gujarat,Chhotaudepur,Kavant
Lakshadweep,Lakshadweep District,Kavaratti
Maharashtra,Sangli,Kavathemahankal
Andhra Pradesh,Srikakulam,Kaviti
Bihar,Nawada,Kawakol
Chhattisgarh,Kabeerdham,Kawardha
Jammu And Kashmir,Baramulla,Kawarhama
Mizoram,Mamit,Kawrtethawveng
Tamil Nadu,Thoothukkudi,Kayathar
Arunachal Pradesh,Siang,Kaying Eac
Nagaland,Peren,Kebai Khelma
Arunachal Pradesh,Siang,Kebang Circle
Jammu And Kashmir,Shopian,Keegam
Telangana,Medchal Malkajgiri,Keesara
Manipur,Imphal East,Keirao Bitra
Rajasthan,Ajmer,Kekri
Maharashtra,Yavatmal,Kelapur
Chhattisgarh,Manendragarh-Chirmiri-Bharatpur(M C B),Kelhari
Jammu And Kashmir,Shopian,Keller
Odisha,Kendrapara,Kendrapara
Madhya Pradesh,Seoni,Keolari
Odisha,Keonjhar,Keonjhar
Bihar,Darbhanga,Keotiranway
Uttar Pradesh,Jaunpur,Kerakat
Telangana,Kumuram Bheem Asifabad,Kerameri
Jammu And Kashmir,Kupwara,Keran
Jharkhand,Hazaribagh,Keredari
Jharkhand,Simdega,Kersai
Telangana,Mahabubabad,Kesamudram
Bihar,Purbi Champaran,Kesaria
Bihar,Buxar,Kesath
Telangana,Ranga Reddy,Keshampet
West Bengal,Paschim Medinipur,Keshiary
Chhattisgarh,Kondagaon,Keshkal
Gujarat,Junagadh,Keshod
Rajasthan,Bundi,Keshoraipatan
West Bengal,Paschim Medinipur,Keshpur
Odisha,Kalahandi,Kesinga
Madhya Pradesh,Sagar,Kesli
Jharkhand,Garhwa,Ketar*
Telangana,Nalgonda,Kethepally
West Bengal,Purba Bardhaman,Ketugram - I
West Bengal,Purba Bardhaman,Ketugram - II
Nagaland,Kohima,Kezocha
Andhra Pradesh,Dr. B.R. Ambedkar Konaseema,K Gangavaram
Madhya Pradesh,Ujjain,Khacharod
Uttar Pradesh,Kushinagar,Khadda
Chhattisgarh,Manendragarh-Chirmiri-Bharatpur(M C B),Khadganva
Chhattisgarh,Mohla-Manpur-Ambagarh Chouki,Khadgaon
Punjab,Tarn Taran,Khadur Sahib
Jammu And Kashmir,Budgam,Khag
Uttar Pradesh,Fatehpur,Khaga
Bihar,Khagaria,Khagaria
Uttar Pradesh,Aligarh,Khair
Bihar,Jamui,Khaira
Odisha,Balasore,Khaira
Chhattisgarh,Khairagarh-Chhuikhadan-Gandai,Khairagarh
Telangana,Hyderabad,Khairatabad
Madhya Pradesh,Balaghat,Khairlanji
Odisha,Malkangiri,Khairput
Rajasthan,Khairthal-Tijara,Khairthal
Bihar,Madhubani,Khajauli
Andhra Pradesh,Y.S.R. Kadapa,Khajipeta
Uttar Pradesh,Gorakhpur,Khajni
Odisha,Kandhamal,Khajuripada
Rajasthan,Bikaner,Khajuwala
Madhya Pradesh,Burhanpur,Khaknar
Maharashtra,Raigad,Khalapur
Uttar Pradesh,Sant Kabir Nagar,Khalilabad
Odisha,Ganjam,Khallikote
Ladakh,Leh Ladakh,Khaltsi
Madhya Pradesh,Khandwa (East Nimar),Khalwa
Punjab,Fatehgarh Sahib,Khamanon
Gujarat,Amreli,Khambha
Gujarat,Devbhumi Dwarka,Khambhalia
Gujarat,Anand,Khambhat
Maharashtra,Buldhana,Khamgaon
Telangana,Khammam,Khammam (Rural)
Telangana,Khammam,Khammam Urban
Rajasthan,Rajsamand,Khamnor
West Bengal,Hooghly,Khanakul - I
West Bengal,Hooghly,Khanakul - II
Telangana,Warangal,Khanapur
Telangana,Nirmal,Khanapur
Karnataka,Belagavi,Khanapur
Maharashtra,Sangli,Khanapur
West Bengal,Purba Bardhaman,Khandaghosh
Maharashtra,Satara,Khandala
Odisha,Nayagarh,Khandapada
Rajasthan,Sawai Madhopur,Khandar
Rajasthan,Sikar,Khandela
Madhya Pradesh,Khandwa (East Nimar),Khandwa
Madhya Pradesh,Khandwa (East Nimar),Khandwa Nagar
Madhya Pradesh,Shivpuri,Khaniyadhana
Punjab,Ludhiana,Khanna
Gujarat,Mahisagar,Khanpur
Bihar,Samastipur,Khanpur
Rajasthan,Jhalawar,Khanpur
Haryana,Sonipat,Khanpur St
Jammu And Kashmir,Budgam,Khansahib
Jammu And Kashmir,Srinagar,Khanyar
Odisha,Balangir,Khaprakhol
Bihar,Munger,Kharagpur
West Bengal,Paschim Medinipur,Kharagpur - I
West Bengal,Paschim Medinipur,Kharagpur - II
Jammu And Kashmir,Jammu,Kharah Balli
Punjab,S.A.S Nagar,Kharar
Jharkhand,Garhwa,Kharaundhi
Madhya Pradesh,Tikamgarh,Khargapur
Madhya Pradesh,Khargone (West Nimar),Khargone
Madhya Pradesh,Khargone (West Nimar),Khargone Nagar
West Bengal,Murshidabad,Khargram
Jammu And Kashmir,Ramban,Khari
Odisha,Nuapada,Khariar
West Bengal,Darjeeling,Kharibari
Bihar,Bhagalpur,Kharik
Haryana,Sonipat,Kharkhoda
Meghalaya,North Garo Hills,Kharkutta
Chhattisgarh,Raipur,Kharora
Arunachal Pradesh,Changlang,Kharsang Circle
Jharkhand,Saraikela Kharsawan,Kharsawan
Chhattisgarh,Raigarh,Kharsia
Ladakh,Leh Ladakh,Kharu
Meghalaya,East Khasi Hills,Khatarshnong Laitkroh
Uttar Pradesh,Muzaffarnagar,Khatauli
Maharashtra,Satara,Khatav
Madhya Pradesh,Dewas,Khategaon
Uttarakhand,Udham Singh Nagar,Khatima
West Bengal,Bankura,Khatra
Jammu And Kashmir,Rajouri,Khawas
Mizoram,Champhai,Khawbung
Mizoram,Khawzawl,Khawzawl
Telangana,Hanumakonda,Khazipet
Maharashtra,Pune,Khed
Maharashtra,Ratnagiri,Khed
Gujarat,Kheda,Kheda
Gujarat,Sabar Kantha,Khedbrahma
Rajasthan,Nagaur,Kheenvsar
West Bengal,Purba Medinipur,Khejuri - I
West Bengal,Purba Medinipur,Khejuri - II
Uttar Pradesh,Baghpat,Khekada
Jharkhand,Ranchi,Khelari
Arunachal Pradesh,East Kameng,Khenawa Circle
Manipur,Chandel,Khengjoy
Uttar Pradesh,Agra,Kheragarh
Gujarat,Mahesana,Kheralu
Gujarat,Navsari,Khergam
Haryana,Hansi,Kheri Jalab St
Rajasthan,Udaipur,Kherwara
Rajasthan,Jhunjhunu,Khetri
Nagaland,Phek,Khezhakeno
Telangana,Warangal,Khila Warangal
Madhya Pradesh,Rajgarh,Khilchipur
Arunachal Pradesh,Changlang,Khimiyang Eac
Madhya Pradesh,Harda,Khirkiya
Bihar,Gaya,Khizirsarai
Jammu And Kashmir,Baramulla,Khoie
Assam,Udalguri,Khoirabari
Nagaland,Kiphire,Khongsa
Arunachal Pradesh,Tirap,Khonsa Hq
Odisha,Khordha,Khordha
Manipur,Noney,Khoupum
Jammu And Kashmir,Jammu,Khour
Tripura,Khowai,Khowai
West Bengal,Birbhum,Khoyrasol
Bihar,Begusarai,Khudabandpur
Madhya Pradesh,Indore,Khudel
Madhya Pradesh,Rajgarh,Khujner
Maharashtra,Chhatrapati Sambhajinagar,Khuldabad
Assam,Golaghat,Khumtai
Himachal Pradesh,Kangra,Khundian
Odisha,Mayurbhanj,Khunta
Jharkhand,Khunti,Khunti
Jharkhand,West Singhbhum,Khuntpani
Madhya Pradesh,Sagar,Khurai
Uttar Pradesh,Bulandshahr,Khurja
Bihar,Patna,Khusrupur
Nagaland,Phek,Khuza
Arunachal Pradesh,Anjaw,Kibithoo Circle
Uttarakhand,Udham Singh Nagar,Kichha
Nagaland,Phek,Kikruma
Tamil Nadu,Ramanathapuram,Kilakarai
Tamil Nadu,Kanniyakumari,Killiyoor
Madhya Pradesh,Khandwa (East Nimar),Killod
Tamil Nadu,Tiruvannamalai,Kilpennathur
Lakshadweep,Lakshadweep District,Kiltan
Tamil Nadu,Nagapattinam,Kilvelur
Arunachal Pradesh,Papum Pare,Kimin Sdo
Tamil Nadu,Coimbatore,Kinathukadavu
Maharashtra,Nanded,Kinwat
Nagaland,Kiphire,Kiphire Sadar
Uttar Pradesh,Agra,Kiraoli
Delhi,North West,Kirari
Bihar,Darbhanga,Kiratpur
Andhra Pradesh,Kakinada,Kirlampudi
Odisha,Jharsuguda,Kirmira
Madhya Pradesh,Balaghat,Kirnapur
Uttarakhand,Tehri Garhwal,Kirtinagar
Bihar,Kishanganj,Kishanganj
Rajasthan,Baran,Kishanganj
Bihar,Madhepura,Kishanganj
Rajasthan,Ajmer,Kishangarh
Rajasthan,Khairthal-Tijara,Kishangarhbas
Rajasthan,Jaipur,Kishangarh Renwal
Odisha,Cuttack,Kishannagar
Bihar,Supaul,Kishanpur
Uttar Pradesh,Mainpuri,Kishni
Odisha,Angul,Kishorenagar
Jammu And Kashmir,Kishtwar,Kishtwar
Jharkhand,Lohardaga,Kisko
Arunachal Pradesh,Tawang,Kitpi Circle
Karnataka,Belagavi,Kittur
Nagaland,Kiphire,Kiusam
Andhra Pradesh,Anakapalli,K.Kotapadu
Odisha,Kandhamal,K. Nuagaon
Bihar,Kishanganj,Kochadhamin
Bihar,Rohtas,Kochas
Kerala,Ernakulam,Kochi
Odisha,Sambalpur,Kochinda
Telangana,Suryapet,Kodad
Tamil Nadu,Dindigul,Kodaikanal
Telangana,Nagarkurnool,Kodair
Telangana,Jangoan,Kodakandla
Odisha,Ganjam,Kodala
Telangana,Vikarabad,Kodangal
Andhra Pradesh,Sri Potti Sriramulu Nellore,Kodavalur
Jharkhand,Koderma,Koderma
Telangana,Jagitial,Kodimial
Gujarat,Gir Somnath,Kodinar
Odisha,Nabarangpur,Kodinga
Tamil Nadu,Erode,Kodumudi
Andhra Pradesh,Kurnool,Kodumur
Kerala,Thrissur,Kodungallur
Andhra Pradesh,Tirupati,Kodur
Andhra Pradesh,Krishna,Koduru
Telangana,Siddipet,Koheda
Nagaland,Kohima,Kohima Sadar
Telangana,Sangareddy,Kohir
Chhattisgarh,Narayanpur,Kohkameta
Odisha,Sundargarh,Koida
Uttar Pradesh,Aligarh,Koil
Andhra Pradesh,Nandyal,Koilakuntla
Telangana,Mahabubnagar,Koilkonda
Bihar,Bhojpur,Koilwar
Odisha,Kalahandi,Kokasara
Jammu And Kashmir,Anantnag,Kokernag
Assam,Kokrajhar,Kokrajhar
Odisha,Jharsuguda,Kolabira
West Bengal,Purba Medinipur,Kolaghat
Karnataka,Kolar,Kolar
Madhya Pradesh,Bhopal,Kolar
Madhya Pradesh,Shivpuri,Kolaras
Karnataka,Kolar,Kolar Gold Field
Tamil Nadu,Chennai,Kolathur
Rajasthan,Bikaner,Kolayat
Jharkhand,Simdega,Kolebira
Karnataka,Vijayapura,Kolhar
Andhra Pradesh,Nandyal,Kolimigundla
Kerala,Kollam,Kollam
Telangana,Nagarkurnool,Kollapur
Karnataka,Chamarajanagar,Kollegal
Tamil Nadu,Namakkal,Kolli Hills
Andhra Pradesh,Guntur,Kollipara
Andhra Pradesh,Bapatla,Kolluru
Odisha,Rayagada,Kolnara
Arunachal Pradesh,Kurung Kumey,Koloriang Hq
Chhattisgarh,Mahasamund,Komakhan
Andhra Pradesh,Parvathipuram Manyam,Komarada
Andhra Pradesh,Markapuram,Komarolu
Arunachal Pradesh,West Siang,Kombo Circle
Odisha,Nuapada,Komna
Telangana,Siddipet,Komuravelli
Andhra Pradesh,Markapuram,Konakanamitla
Telangana,Rajanna Sircilla,Konaraopet
Bihar,Gaya,Konch
Uttar Pradesh,Jalaun,Konch
Chhattisgarh,Kondagaon,Kondagaon
Telangana,Nalgonda,Kondamallepally
Telangana,Siddipet,Kondapak
Andhra Pradesh,Prakasam,Kondapi
Telangana,Sangareddy,Kondapur
Andhra Pradesh,Y.S.R. Kadapa,Kondapuram
Andhra Pradesh,Sri Potti Sriramulu Nellore,Kondapuram
Kerala,Malappuram,Kondotty
Telangana,Ranga Reddy,Kondurg
Telangana,Khammam,Konijerla
Kerala,Pathanamthitta,Konni
Chhattisgarh,Sukma,Konta
Tamil Nadu,Thiruvarur,Koothanallur
Maharashtra,Ahilyanagar,Kopargaon
Karnataka,Chikkamagaluru,Koppa
Karnataka,Koppal,Koppal
Arunachal Pradesh,Lower Siang,Kora Circle
Uttar Pradesh,Prayagraj,Koraon
Odisha,Koraput,Koraput
Karnataka,Tumakuru,Koratagere
Chhattisgarh,Korba,Korba
Maharashtra,Gadchiroli,Korchi
Maharashtra,Satara,Koregaon
Bihar,Katihar,Korha
Andhra Pradesh,Prakasam,Korisapadu
Arunachal Pradesh,Lower Dibang Valley,Koronu Circle
Maharashtra,Chandrapur,Korpana
Andhra Pradesh,East Godavari,Korukonda
Telangana,Jagitial,Korutla
Telangana,Narayanpet,Kosgi
Andhra Pradesh,Kurnool,Kosigi
Haryana,Rewari,Kosli
Uttarakhand,Nainital,Kosya Kutauli
Andhra Pradesh,Sri Potti Sriramulu Nellore,Kota
Chhattisgarh,Bilaspur,Kota
Andhra Pradesh,Srikakulam,Kotabommali
Chhattisgarh,Manendragarh-Chirmiri-Bharatpur(M C B),Kotadol
Odisha,Kandhamal,Kotagarh
Telangana,Nizamabad,Kotagiri
Tamil Nadu,The Nilgiris,Kotagiri
Andhra Pradesh,Kakinada,Kotananduru
Telangana,Mancherial,Kotapally
Madhya Pradesh,Satna,Kotar
Andhra Pradesh,Anakapalli,Kotauratla
Gujarat,Rajkot,Kotda Sangani
Uttarakhand,Pauri Garhwal,Kotdwara
Telangana,Vikarabad,Kotepally
Jammu And Kashmir,Rajouri,Koteranka
Himachal Pradesh,Shimla,Kotgarh
Andhra Pradesh,Sri Sathya Sai,Kothacheruvu
Telangana,Mahabubabad,Kothaguda
Telangana,Bhadradri Kothagudem,Kothagudem
Telangana,Wanaparthy,Kothakota
Kerala,Ernakulam,Kothamangalam
Andhra Pradesh,Nandyal,Kothapalle
Telangana,Karimnagar,Kothapally
Telangana,Narayanpet,Kothapally (15)
Telangana,Jayashankar Bhupalapally,Kothapallygori
Andhra Pradesh,Prakasam,Kotha Patnam
Andhra Pradesh,Dr. B.R. Ambedkar Konaseema,Kothapeta
Andhra Pradesh,Vizianagaram,Kothavalasa
Madhya Pradesh,Satna,Kothi
Madhya Pradesh,Ujjain,Kothi Mahal
Gujarat,Mahisagar,Kothmba
Telangana,Ranga Reddy,Kothur
Andhra Pradesh,Srikakulam,Kothuru
Punjab,Faridkot,Kotkapura
Rajasthan,Khairthal-Tijara,Kotkasim
Himachal Pradesh,Shimla,Kotkhai
Rajasthan,Jaipur,Kotkhawda
Himachal Pradesh,Kangra,Kotla
Himachal Pradesh,Mandi,Kotli
Madhya Pradesh,Anuppur,Kotma
Odisha,Koraput,Kotpad
Rajasthan,Kotputli-Behror,Kotputli
Rajasthan,Udaipur,Kotra
Rajasthan,Bhilwara,Kotri
Kerala,Kollam,Kottarakkara
Kerala,Kottayam,Kottayam
Karnataka,Vijayanagara,Kotturu
West Bengal,Bankura,Kotulpur
Bihar,Purbi Champaran,Kotwa
Telangana,Mahabubnagar,Koukuntla
Telangana,Kumuram Bheem Asifabad,Koutala
Tamil Nadu,Thoothukkudi,Kovilpatti
Andhra Pradesh,Sri Potti Sriramulu Nellore,Kovur
Andhra Pradesh,East Godavari,Kovvur
Telangana,Medak,Kowdipally
Andhra Pradesh,Kurnool,Kowthalam
Assam,Kamrup,Koya
Kerala,Kozhikode,Koyilandi
Chhattisgarh,Uttar Bastar Kanker,Koylibeda
Arunachal Pradesh,Lower Siang,Koyu Eac
Andhra Pradesh,Eluru,Koyyalagudem
Andhra Pradesh,Alluri Sitharama Raju,Koyyuru
Kerala,Pathanamthitta,Kozhenchery
Kerala,Kozhikode,Kozhikode
Jammu And Kashmir,Kupwara,Kralpora
West Bengal,Jalpaiguri,Kranti
Jammu And Kashmir,Baramulla,Kreeri
Himachal Pradesh,Solan,Krishangarh
Telangana,Narayanpet,Krishna
West Bengal,Nadia,Krishnaganj
West Bengal,Nadia,Krishnagar - I
West Bengal,Nadia,Krishnagar - II
Andhra Pradesh,Kurnool,Krishnagiri
Tamil Nadu,Krishnagiri,Krishnagiri
Karnataka,Mysuru,Krishnarajanagara
Karnataka,Mandya,Krishnarajpet
Tamil Nadu,Karur,Krishnarayapuram
Bihar,Purnia,Krityanand Nagar
Arunachal Pradesh,Dibang Valley,Kronli (Arzoo Circle)
Andhra Pradesh,Palnadu,Krosuru
Odisha,Puri,Krushna Prasad
Andhra Pradesh,Krishna,Kruthivennu
Chhattisgarh,Dakshin Bastar Dantewada,Kuakonda
Telangana,Nirmal,Kubeer
Nagaland,Mokokchung,Kubolong
Jharkhand,Saraikela Kharsawan,Kuchai
Bihar,Gopalganj,Kuchaikote
Rajasthan,Didwana-Kuchaman,Kuchaman City
Andhra Pradesh,Ananthapuramu,Kudair
Maharashtra,Sindhudurg,Kudal
Tamil Nadu,Thiruvarur,Kudavasal
Rajasthan,Jodhpur,Kudi Bhagtasni
Karnataka,Vijayanagara,Kudligi
Bihar,Kaimur (Bhabua),Kudra
Odisha,Malkangiri,Kudumuluguma
Maharashtra,Nagpur,Kuhi
Nagaland,Niuland,Kuhoboto
Odisha,Jagatsinghapur,Kujang
Karnataka,Koppal,Kukanoor
Gujarat,Tapi,Kukarmunda
Telangana,Medchal Malkajgiri,Kukatpally
Chhattisgarh,Kabeerdham,Kukdur
Chhattisgarh,Dhamtari,Kukrel
Jharkhand,Saraikela Kharsawan,Kukru
Madhya Pradesh,Dhar,Kukshi
Odisha,Ganjam,Kukudakhandi
Andhra Pradesh,Eluru,Kukunoor
Telangana,Siddipet,Kukunoorpally
Haryana,Fatehabad,Kulan St
Tamil Nadu,Pudukkottai,Kulathur
Telangana,Medak,Kulcharam
Jammu And Kashmir,Kulgam,Kulgam
Odisha,Mayurbhanj,Kuliana
Tamil Nadu,Karur,Kulithalai
Telangana,Vikarabad,Kulkacharla
Himachal Pradesh,Kullu,Kullu
Uttar Pradesh,Mahoba,Kulpahar
West Bengal,South 24 Parganas,Kulpi
West Bengal,South 24 Parganas,Kultali
Tamil Nadu,Namakkal,Kumarapalayam
Andhra Pradesh,Tirupati,Kumara Venkata Bhupala Puram
Chhattisgarh,Rajnandgaon,Kumarda
Jharkhand,West Singhbhum,Kumardungi
West Bengal,Dakshin Dinajpur,Kumarganj
Tripura,Unakoti,Kumarghat
West Bengal,Alipurduar,Kumargram
Bihar,Madhepura,Kumarkhand
Himachal Pradesh,Shimla,Kumarsain
Tamil Nadu,Thanjavur,Kumbakonam
Rajasthan,Rajsamand,Kumbhalgarh
Madhya Pradesh,Guna,Kumbhraj
Rajasthan,Deeg,Kumher
Karnataka,Uttara Kannada,Kumta
Andhra Pradesh,Polavaram,Kunavaram
Uttar Pradesh,Pratapgarh,Kunda
Jharkhand,Chatra,Kunda
Chhattisgarh,Kabeerdham,Kunda
Tamil Nadu,The Nilgiris,Kundah
Rajasthan,Dausa,Kundal
Madhya Pradesh,Jabalpur,Kundam
Karnataka,Udupi,Kundapura
Karnataka,Dharwad,Kundgol
Jharkhand,Jamtara,Kundhit
Tamil Nadu,Kancheepuram,Kundrathur
Odisha,Koraput,Kundura
Andhra Pradesh,Ananthapuramu,Kundurpi
Karnataka,Tumakuru,Kunigal
Himachal Pradesh,Solan,Kunihar
Gujarat,Amreli,Kunkavav Vadia
Chhattisgarh,Jashpur,Kunkuri
Tamil Nadu,Perambalur,Kunnam
Kerala,Thrissur,Kunnamkulam
Kerala,Ernakulam,Kunnathunad
Kerala,Kollam,Kunnathur
Telangana,Nirmal,Kuntala
Rajasthan,Rajsamand,Kunwariya
Jammu And Kashmir,Baramulla,Kunzer
Andhra Pradesh,Chittoor,Kuppam
Himachal Pradesh,Shimla,Kupvi
Jammu And Kashmir,Kupwara,Kupwara
Andhra Pradesh,Annamayya,Kurabalakota
Rajasthan,Udaipur,Kurabar
Madhya Pradesh,Seoni,Kurai
Telangana,Mahabubabad,Kuravi
Uttar Pradesh,Mainpuri,Kurawali
Jharkhand,Simdega,Kurdeg
Bihar,Muzaffarpur,Kurhani
Andhra Pradesh,Prakasam,Kurichedu
Tamil Nadu,Cuddalore,Kurinjipadi
Maharashtra,Gadchiroli,Kurkheda
Maharashtra,Mumbai Suburban,Kurla
Andhra Pradesh,Kurnool,Kurnool Rural
Andhra Pradesh,Kurnool,Kurnool Urban
Bihar,Araria,Kursakatta
Bihar,Katihar,Kursela
West Bengal,Darjeeling,Kurseong
Bihar,Arwal,Kurtha
Jharkhand,Lohardaga,Kuru
Chhattisgarh,Dhamtari,Kurud
Karnataka,Ballari,Kurugodu
Andhra Pradesh,Parvathipuram Manyam,Kurupam
Madhya Pradesh,Vidisha,Kurwai
Rajasthan,Banswara,Kushalgarh
Karnataka,Kodagu,Kushalnagar
Bihar,Darbhanga,Kusheshwar Asthan
Bihar,Darbhanga,Kusheshwar Asthan Purbi
West Bengal,Dakshin Dinajpur,Kushmundi
Karnataka,Koppal,Kushtagi
Madhya Pradesh,Sidhi,Kusmi
Chhattisgarh,Balrampur-Ramanujganj,Kusmi(Samri)
Telangana,Khammam,Kusumanchi
Odisha,Mayurbhanj,Kusumi
Tamil Nadu,Mayiladuthurai,Kuthalam
Gujarat,Porbandar,Kutiyana
Odisha,Sundargarh,Kutra
Chhattisgarh,Bijapur,Kutru
Kerala,Alappuzha,Kuttanad
Bihar,Aurangabad,Kutumba
Tamil Nadu,Vellore,K V Kuppam
West Bengal,Birbhum,Labpur
Rajasthan,Alwar,Lachhmangarh
Rajasthan,Sikar,Lachhmangarh
Arunachal Pradesh,Bichom,Lada Circle
Bihar,Madhubani,Ladania
Himachal Pradesh,Mandi,Lad Bharol
Rajasthan,Didwana-Kuchaman,Ladnu
Rajasthan,Kota,Ladpura
Haryana,Kurukshetra,Ladwa
Himachal Pradesh,Kangra,Lagru
Madhya Pradesh,Bhind,Lahar
Assam,Marigaon,Laharighat
Uttar Pradesh,Sitapur,Laharpur
Bihar,Saran,Lahladpur
Himachal Pradesh,Lahaul And Spiti,Lahul
Odisha,Sundargarh,Lahunipara
Odisha,Jharsuguda,Laikera
Chhattisgarh,Raigarh,Lailunga
Arunachal Pradesh,Tirap,Laju Sdo
Maharashtra,Bhandara,Lakhandur
Maharashtra,Bhandara,Lakhani
Gujarat,Vav-Tharad,Lakhani
Haryana,Rohtak,Lakhan Majra St
Odisha,Jharsuguda,Lakhanpur
Chhattisgarh,Surguja,Lakhanpur
Uttar Pradesh,Kheri,Lakhimpur
Assam,Goalpara,Lakhipur
Assam,Cachar,Lakhipur
Bihar,Lakhisarai,Lakhisarai
Madhya Pradesh,Seoni,Lakhnadon
Bihar,Madhubani,Lakhnaur
Gujarat,Kachchh,Lakhpat
Gujarat,Surendranagar,Lakhtar
Andhra Pradesh,Vizianagaram,Lakkavarapukota
Andhra Pradesh,Annamayya,Lakkireddipalli
Bihar,Siwan,Lakri Nabiganj
Uttarakhand,Haridwar,Laksar
Odisha,Koraput,Lakshmipur
Bihar,Jamui,Lakshmipur
Assam,Hailakandi,Lala
Chhattisgarh,Rajnandgaon,Lal Bahadur Nagar
Madhya Pradesh,Balaghat,Lalbarra
Uttarakhand,Haridwar,Laldhang
Bihar,Vaishali,Lalganj
Uttar Pradesh,Azamgarh,Lalganj
Uttar Pradesh,Pratapgarh,Lalganj
Uttar Pradesh,Mirzapur,Lalganj
Uttar Pradesh,Rae Bareli,Lalganj
West Bengal,Murshidabad,Lalgola
Tamil Nadu,Tiruchirappalli,Lalgudi
Uttar Pradesh,Lalitpur,Lalitpur
Uttarakhand,Nainital,Lalkuan
Jammu And Kashmir,Kupwara,Lalpora
Gujarat,Jamnagar,Lalpur
Chhattisgarh,Mungeli,Lalpur Thana
Rajasthan,Dausa,Lalsot
Uttar Pradesh,Sultanpur,Lambhua
Himachal Pradesh,Hamirpur,Lambloo
Uttarakhand,Almora,Lamgada
Manipur,Imphal West,Lamphelpat
Manipur,Imphal West,Lamsang
Madhya Pradesh,Balaghat,Lamta
Jammu And Kashmir,Kupwara,Langate
Maharashtra,Ratnagiri,Lanja
Madhya Pradesh,Balaghat,Lanji
Odisha,Kalahandi,Lanjigarh
Assam,Hojai,Lanka
Uttarakhand,Pauri Garhwal,Lansdowne
Jharkhand,Ranchi,Lapung
Jammu And Kashmir,Ganderbal,Lar
Jammu And Kashmir,Anantnag,Larnoo
Jammu And Kashmir,Rajouri,Laroka
Rajasthan,Salumbar,Lasadiya
Meghalaya,West Jaintia Hills,Laskein
Jharkhand,Latehar,Latehar
Madhya Pradesh,Vidisha,Lateri
Arunachal Pradesh,Namsai,Lathao Circle
Gujarat,Amreli,Lathi
Odisha,Sundargarh,Lathikata
Chhattisgarh,Surajpur,Latori
Jammu And Kashmir,Udhampur,Latti
Maharashtra,Latur,Latur
Bihar,Madhubani,Laukaha
Bihar,Madhubani,Laukahi
Bihar,Pashchim Champaran,Lauriya
West Bengal,Kalimpong,Lava
Chhattisgarh,Balodabazar-Bhatapara,Lavan
West Bengal,Kalimpong,Lavaold
Andhra Pradesh,Srikakulam,Laveru
Madhya Pradesh,Chhatarpur,Lavkush Nagar
Jharkhand,Chatra,Lawalaung
Rajasthan,Dausa,Lawan
Mizoram,Lawngtlai,Lawngtlai
Arunachal Pradesh,Longding,Lawnu Circle
Telangana,Nirmal,Laxmanchanda
Karnataka,Gadag,Laxmeshwar
Telangana,Bhadradri Kothagudem,Laxmidevipalli
Andhra Pradesh,Srikakulam,Laxminarasupeta
Ladakh,Leh Ladakh,Leh
Punjab,Sangrur,Lehra
Arunachal Pradesh,Namsai,Lekang Mahadevpur Circle
Andhra Pradesh,Sri Sathya Sai,Lepakshi
Odisha,Sundargarh,Lephripara
Arunachal Pradesh,Papum Pare,Leporiang Circle
Arunachal Pradesh,Tawang,Lhou Circle
Manipur,Kangpokpi,Lhungtin
Madhya Pradesh,Tikamgarh,Lidhora
Arunachal Pradesh,Lower Siang,Likabali Sdo
Gujarat,Amreli,Lilia
Manipur,Thoubal,Lilong
Gujarat,Surendranagar,Limbdi
Arunachal Pradesh,Upper Subansiri,Limeking Circle
Gujarat,Dahod,Limkheda
Telangana,Nagarkurnool,Lingal
Andhra Pradesh,Y.S.R. Kadapa,Lingala
Telangana,Jangoan,Lingalaghanpur
Telangana,Kamareddy,Lingampet
Andhra Pradesh,Eluru,Lingapalem
Telangana,Kumuram Bheem Asifabad,Lingapur
Andhra Pradesh,Prakasam,Lingasamudram
Karnataka,Raichur,Lingasugur
Arunachal Pradesh,West Siang,Liromoba Eac
Jharkhand,Pakur,Litipara
Andaman And Nicobar Islands,South Andamans,Little Andaman
Manipur,Ukhrul,LM
Gujarat,Rajkot,Lodhika
Maharashtra,Nanded,Loha
Uttarakhand,Champawat,Lohaghat
Jammu And Kashmir,Kathua,Lohai Malhar
Chhattisgarh,Bastar,Lohandiguda
Maharashtra,Dharashiv,Lohara
Jharkhand,Lohardaga,Lohardaga
Himachal Pradesh,Solan,Loharghat
Haryana,Bhiwani,Loharu
Rajasthan,Phalodi,Lohawat
Odisha,Balangir,Loisinga
Telangana,Nirmal,Lokeswaram
Jammu And Kashmir,Kupwara,Lolab (Sogam)
Maharashtra,Buldhana,Lonar
Nagaland,Mokokchung,Longchem
Arunachal Pradesh,Longding,Longding Hq
Nagaland,Tuensang,Longkhim
Nagaland,Longleng,Longleng
Manipur,Noney,Longmai
Nagaland,Kiphire,Longmatra
Arunachal Pradesh,Tirap,Longo Circle
Nagaland,Mon,Longshen
Tripura,Dhalai,Longtharai Valley
Uttar Pradesh,Ghaziabad,Loni
Punjab,Amritsar,Lopoke
Chhattisgarh,Mungeli,Lormi
Nagaland,Wokha,Lotsu
Punjab,Ludhiana,Ludhiana (East)
Punjab,Ludhiana,Ludhiana (West)
Arunachal Pradesh,Tawang,Lumla Adc
Meghalaya,East Jaintia Hills,Lumshnong
Gujarat,Mahisagar,Lunawada
Chhattisgarh,Surguja,Lundra
Mizoram,Lunglei,Lunglei
Mizoram,Lunglei,Lungsen
Rajasthan,Jodhpur,Luni
Rajasthan,Bikaner,Lunkaransar
Telangana,Mancherial,Luxettipet
Arunachal Pradesh,Changlang,Lyngok Longtoi Circle
Jammu And Kashmir,Kishtwar,Machail
Telangana,Kamareddy,Machareddy
Andhra Pradesh,Palnadu,Machavaram
Andhra Pradesh,Palnadu,Macherla
Odisha,Koraput,Machh Kund
Uttar Pradesh,Jaunpur,Machhlishahr
Uttarakhand,Almora,Machhor
Manipur,Tengnoupal,Machi
Jammu And Kashmir,Kupwara,Machil
Andhra Pradesh,Krishna,Machilipatnam North
Andhra Pradesh,Krishna,Machilipatnam South
Madhya Pradesh,Singrauli,Mada
Andhra Pradesh,Sri Sathya Sai,Madakasira
Andhra Pradesh,Annamayya,Madanapalle
Telangana,Wanaparthy,Madanapur
Uttarakhand,Tehri Garhwal,Madannegi
Bihar,Aurangabad,Madanpur
Odisha,Kalahandi,Madanpur Rampur
West Bengal,Alipurduar,Madarihat
Tamil Nadu,Tiruppur,Madathukulam
Andhra Pradesh,Kurnool,Maddikera (East)
Andhra Pradesh,Prakasam,Maddipadu
Telangana,Suryapet,Maddirala
Telangana,Siddipet,Maddur
Telangana,Narayanpet,Maddur
Karnataka,Mandya,Maddur
Telangana,Ranga Reddy,Madgul
Maharashtra,Solapur,Madha
Bihar,Madhubani,Madhepur
Bihar,Madhepura,Madhepura
Telangana,Khammam,Madhira
Uttar Pradesh,Jalaun,Madhogarh
Rajasthan,Jaipur,Madhorajpura
Uttar Pradesh,Mau,Madhuban
Bihar,Purbi Champaran,Madhuban
Bihar,Pashchim Champaran,Madhubani
Bihar,Madhubani,Madhubani
Karnataka,Tumakuru,Madhugiri
Jharkhand,Deoghar,Madhupur
Bihar,Madhubani,Madhwapur
Karnataka,Kodagu,Madikeri
Telangana,Kamareddy,Madnoor
Andhra Pradesh,Anakapalli,Madugula
Telangana,Nalgonda,Madugulapally
Tamil Nadu,Coimbatore,Madukkari
Tamil Nadu,Madurai,Madurai East
Tamil Nadu,Madurai,Madurai North
Tamil Nadu,Madurai,Madurai South
Tamil Nadu,Madurai,Madurai West
Tamil Nadu,Chengalpattu,Maduranthakam
Tamil Nadu,Chennai,Maduravoyal
Madhya Pradesh,Sidhi,Madwas
Karnataka,Bengaluru South,Magadi
Jammu And Kashmir,Budgam,Magam
Telangana,Narayanpet,Maganoor
Chhattisgarh,Dhamtari,Magarlod
West Bengal,South 24 Parganas,Magrahat - I
West Bengal,South 24 Parganas,Magrahat - II
Maharashtra,Satara,Mahabaleshwar
Telangana,Mahabubabad,Mahabubabad
Telangana,Mahabubnagar,Mahabubnagar Rural
Telangana,Mahabubnagar,Mahabubnagar Urban
Maharashtra,Raigad,Mahad
Telangana,Jayashankar Bhupalapally,Mahadevpur
Jharkhand,Godda,Mahagama
Maharashtra,Yavatmal,Mahagaon
Odisha,Kendrapara,Mahakalapada
Haryana,Rohtak,Maham
Andhra Pradesh,Nandyal,Mahanandi
Odisha,Cuttack,Mahanga
Jammu And Kashmir,Kathua,Mahanpur
Uttar Pradesh,Mahrajganj,Maharajganj
Uttar Pradesh,Rae Bareli,Maharajganj
Bihar,Siwan,Maharajganj
Madhya Pradesh,Chhatarpur,Maharajpur
Andhra Pradesh,Visakhapatnam,Maharanipeta
Chhattisgarh,Mahasamund,Mahasamund
Uttar Pradesh,Bahraich,Mahasi
Uttar Pradesh,Mathura,Mahavan
Puducherry,Puducherry,Mahe
Haryana,Mahendragarh,Mahendragarh
Gujarat,Mahesana,Mahesana
Gujarat,Mahesana,Mahesana City
Jharkhand,Pakur,Maheshpur
Madhya Pradesh,Khargone (West Nimar),Maheshwar
Telangana,Ranga Reddy,Maheshwaram
Madhya Pradesh,Ujjain,Mahidpur
West Bengal,Purba Medinipur,Mahisadal
Bihar,Saharsa,Mahishi
Assam,Charaideo,Mahmora
Uttar Pradesh,Sitapur,Mahmudabad
Bihar,Vaishali,Mahnar
Uttar Pradesh,Mahoba,Mahoba
Uttar Pradesh,Sitapur,Maholi
Jammu And Kashmir,Reasi,Mahore
Uttar Pradesh,Lalitpur,Mahroni
Bihar,Vaishali,Mahua
Jharkhand,Latehar,Mahuadanr
Gujarat,Kheda,Mahudha
Maharashtra,Nanded,Mahur
Gujarat,Surat,Mahuva
Gujarat,Bhavnagar,Mahuva
Rajasthan,Dausa,Mahwa
Madhya Pradesh,Maihar,Maihar
Bihar,Pashchim Champaran,Mainatanr
Chhattisgarh,Surguja,Mainpat
Chhattisgarh,Gariyaband,Mainpur
Uttar Pradesh,Mainpuri,Mainpuri
Jammu And Kashmir,Jammu,Maira Mandrian
Meghalaya,Eastern West Khasi Hills,Mairang
Bihar,Siwan,Mairwa
Uttar Pradesh,Kanpur Dehat,Maitha
Maharashtra,Beed,Majalgaon
Jammu And Kashmir,Udhampur,Majalta
Madhya Pradesh,Sidhi,Majhauli
Bihar,Pashchim Champaran,Majhaulia
Himachal Pradesh,Kangra,Majheen
Jharkhand,West Singhbhum,Majhgaon
Madhya Pradesh,Satna,Majhgawan
Jharkhand,Garhwa,Majhiaon
Madhya Pradesh,Jabalpur,Majholi
Punjab,Amritsar,Majitha
Bihar,Sitamarhi,Majorganj
Himachal Pradesh,Sirmaur,Majra
Assam,Majuli,Majuli
Gujarat,Surat,Majura
Andhra Pradesh,Anakapalli,Makavarapalem
Chhattisgarh,Kondagaon,Makdi
Madhya Pradesh,Ujjain,Makdon
Bihar,Saran,Maker
Madhya Pradesh,Narmadapuram,Makhan Nagar
Bihar,Jehanabad,Makhdumpur
Andhra Pradesh,Parvathipuram Manyam,Makkuva
Telangana,Nizamabad,Makloor
Rajasthan,Didwana-Kuchaman,Makrana
Himachal Pradesh,Mandi,Makridi
Madhya Pradesh,Guna,Maksoodangarh
Telangana,Narayanpet,Makthal
West Bengal,Jalpaiguri,Mal
Rajasthan,Alwar,Malakhera
Rajasthan,Sawai Madhopur,Malarna Doongar
Karnataka,Mandya,Malavalli
West Bengal,Malda,Maldah (Old)
Telangana,Jogulamba Gadwal,Maldakal
Maharashtra,Nashik,Malegaon
Maharashtra,Washim,Malegaon
Punjab,Malerkotla,Malerkotla
Madhya Pradesh,Indore,Malharganj
Madhya Pradesh,Mandsaur,Malhargarh
Telangana,Jayashankar Bhupalapally,Malharrao
Gujarat,Junagadh,Malia Hatina
Uttar Pradesh,Lucknow,Malihabad
Andhra Pradesh,Dr. B.R. Ambedkar Konaseema,Malikipuram
Gujarat,Morbi,Maliya
Telangana,Medchal Malkajgiri,Malkajgiri
Odisha,Malkangiri,Malkangiri
Maharashtra,Buldhana,Malkapur
Chhattisgarh,Sakti,Malkharoda
Telangana,Mulugu,Mallampally
Kerala,Pathanamthitta,Mallappally
Telangana,Jagitial,Mallapur
Telangana,Jagitial,Mallial
Punjab,Sri Muktsar Sahib,Malout
Gujarat,Arvalli,Malpur
Rajasthan,Tonk,Malpura
Maharashtra,Solapur,Malshiras
Rajasthan,Jhunjhunu,Malsisar
Madhya Pradesh,Sagar,Malthon
Karnataka,Kolar,Malur
Delhi,South,Malviya Nagar
Maharashtra,Sindhudurg,Malwan
Telangana,Nirmal,Mamada
Tamil Nadu,Chennai,Mambalam
Andhra Pradesh,Dr. B.R. Ambedkar Konaseema,Mamidikuduru
Himachal Pradesh,Solan,Mamlig
Maharashtra,Satara,Man
Tamil Nadu,Tiruchirappalli,Manachanallur
Telangana,Karimnagar,Manakondur
Himachal Pradesh,Kullu,Manali
Tamil Nadu,Sivaganga,Manamadurai
Tamil Nadu,Pudukkottai,Manamelkudi
Kerala,Wayanad,Mananthavady
Tamil Nadu,Tiruchirappalli,Manapparai
Madhya Pradesh,Neemuch,Manasa
Jharkhand,Palamu,Manatu
Gujarat,Junagadh,Manavadar
Madhya Pradesh,Dhar,Manawar
West Bengal,Purulia,Manbazar - I
West Bengal,Purulia,Manbazar - II
Uttarakhand,Champawat,Manch
Telangana,Ranga Reddy,Manchal
Arunachal Pradesh,Anjaw,Manchal Circle
Karnataka,Chikkaballapura,Manchenahalli
Telangana,Mancherial,Mancherial
Rajasthan,Bhilwara,Mandal
Jammu And Kashmir,Jammu,Mandal
Gujarat,Ahmedabad,Mandal
Rajasthan,Bhilwara,Mandalgarh
Telangana,Mancherial,Mandamarri
Maharashtra,Ratnagiri,Mandangad
Himachal Pradesh,Mandi,Mandap
Andhra Pradesh,East Godavari,Mandapeta
Jharkhand,Ranchi,Mandar
Andhra Pradesh,Srikakulam,Mandasa
Andhra Pradesh,Eluru,Mandavalli
Rajasthan,Jhunjhunu,Mandawa
Rajasthan,Dausa,Mandawar
Rajasthan,Kotputli-Behror,Mandhan
Himachal Pradesh,Mandi,Mandi
Jammu And Kashmir,Poonch,Mandi
West Bengal,South 24 Parganas,Mandirbazar
Chhattisgarh,Raipur,Mandir Hasoud
Madhya Pradesh,Mandla,Mandla
Rajasthan,Karauli,Mandrayal
Jharkhand,Sahebganj,Mandro
Madhya Pradesh,Mandsaur,Mandsaur
Madhya Pradesh,Mandsaur,Mandsaur Nagar
Jharkhand,Ramgarh,Mandu
Gujarat,Kachchh,Mandvi
Gujarat,Surat,Mandvi
Karnataka,Mandya,Mandya
Chhattisgarh,Manendragarh-Chirmiri-Bharatpur(M C B),Manendragarh
Bihar,Patna,Maner
Haryana,Gurugram,Manesar
Odisha,Sambalpur,Maneswar
Haryana,Rewari,Manethi St
Andhra Pradesh,Guntur,Mangalagiri
Sikkim,Soreng,Mangalbarey
Assam,Darrang,Mangaldoi (Pt)
Karnataka,Dakshina Kannada,Mangaluru
Maharashtra,Solapur,Mangalvedhe
Sikkim,Mangan,Mangan
Maharashtra,Raigad,Mangaon
Telangana,Mulugu,Mangapet
Madhya Pradesh,Rewa,Mangawan
Nagaland,Shamator,Mangko
Nagaland,Mokokchung,Mangkolemba
West Bengal,Purba Bardhaman,Mangolkote
Gujarat,Junagadh,Mangrol
Rajasthan,Baran,Mangrol
Gujarat,Surat,Mangrol
Maharashtra,Washim,Mangrulpir
Bihar,Darbhanga,Manigachhi
Bihar,Katihar,Manihari
Jharkhand,Latehar,Manika
West Bengal,Malda,Manikchak
Uttar Pradesh,Chitrakoot,Manikpur
Assam,Bongaigaon,Manikpur
Gujarat,Ahmedabad,Maninagar
Rajasthan,Dholpur,Maniya
Jammu And Kashmir,Rajouri,Manjakote
Kerala,Kasaragod,Manjeswaram
Bihar,Gopalganj,Manjha
Uttar Pradesh,Kaushambi,Manjhanpur
Jharkhand,West Singhbhum,Manjhari
Bihar,Saran,Manjhi
Assam,South Salmara Mancachar,Mankachar
Uttar Pradesh,Gonda,Mankapur
Jammu And Kashmir,Poonch,Mankote
Tamil Nadu,Karur,Manmangalam
Arunachal Pradesh,Changlang,Manmao Eac
Tamil Nadu,Thiruvarur,Mannargudi
Kerala,Palakkad,Mannarkad
Telangana,Medak,Manoharabad
Jharkhand,West Singhbhum,Manoharpur
Rajasthan,Jhalawar,Manohar Thana
Telangana,Sangareddy,Manoor
Telangana,Jogulamba Gadwal,Manopad
Chhattisgarh,Jashpur,Manora
Maharashtra,Washim,Manora
Bihar,Gaya,Manpur
Chhattisgarh,Mohla-Manpur-Ambagarh Chouki,Manpur
Madhya Pradesh,Umaria,Manpur
Punjab,Mansa,Mansa
Gujarat,Gandhinagar,Mansa
Bihar,Katihar,Mansahi
Bihar,Khagaria,Mansi
Bihar,Begusarai,Mansurchak
West Bengal,Purba Bardhaman,Manteswar
Maharashtra,Jalna,Mantha
Telangana,Peddapalli,Manthani
Andhra Pradesh,Kurnool,Mantralayam
Andhra Pradesh,Sri Potti Sriramulu Nellore,Manubolu
Telangana,Bhadradri Kothagudem,Manuguru
Tamil Nadu,Tirunelveli,Manur
Karnataka,Raichur,Manvi
Maharashtra,Parbhani,Manwath
Tamil Nadu,Viluppuram,Marakanam
Bihar,Supaul,Marauna
Chhattisgarh,Kondagaon,Mardapal
Andhra Pradesh,Polavaram,Maredumilli
Maharashtra,Yavatmal,Maregaon
Assam,Tinsukia,Margherita
Jharkhand,Deoghar,Margo Munda
Jammu And Kashmir,Jammu,Marh
Bihar,Saran,Marhaura
Jammu And Kashmir,Kathua,Marheen
Uttar Pradesh,Jaunpur,Mariahu
Assam,Jorhat,Mariani
Assam,Marigaon,Marigaon
Uttar Pradesh,Mirzapur,Marihan
Telangana,Narayanpet,Marikal
Telangana,Mahabubabad,Maripeda
Arunachal Pradesh,Upper Siang,Mariyang Adc
Jharkhand,Koderma,Markacho
Andhra Pradesh,Markapuram,Markapuram
Telangana,Siddipet,Markook
Jammu And Kashmir,Doda,Marmat
Arunachal Pradesh,Upper Subansiri,Maro Circle
Telangana,Vikarabad,Marpalle
Telangana,Hyderabad,Marredpally
Chhattisgarh,Balod,Marri Bangla(Deori)
Telangana,Nalgonda,Marriguda
Andhra Pradesh,Sri Potti Sriramulu Nellore,Marripadu
Andhra Pradesh,Prakasam,Marripudi
Odisha,Kendrapara,Marsaghai
Uttar Pradesh,Azamgarh,Martinganjon
Andhra Pradesh,Bapatla,Martur
Tamil Nadu,Tiruchirappalli,Marungapuri
Jammu And Kashmir,Kishtwar,Marwah
Chhattisgarh,Gaurela-Pendra-Marwahi,Marwahi
Bihar,Muzaffarpur,Marwan
Rajasthan,Pali,Marwar Junction
Telangana,Medak,Masaipet
Jharkhand,Dumka,Masalia
Rajasthan,Karauli,Masalpur
Bihar,Patna,Masaurhi
Bihar,Saran,Mashrakh
Karnataka,Raichur,Maski
Chhattisgarh,Bilaspur,Masturi
Rajasthan,Beawar,Masuda
Uttar Pradesh,Mathura,Mat
Gujarat,Kheda,Matar
Haryana,Jhajjar,Matenhail
West Bengal,Cooch Behar,Mathabhanga - I
West Bengal,Cooch Behar,Mathabhanga-II
Tamil Nadu,Chennai,Mathavaram
Odisha,Malkangiri,Mathili
Uttar Pradesh,Mathura,Mathura
West Bengal,South 24 Parganas,Mathurapur - I
West Bengal,South 24 Parganas,Mathurapur - II
Assam,Goalpara,Matia
Delhi,South West,Matiala
West Bengal,Jalpaiguri,Matiali
West Bengal,Darjeeling,Matigara
Bihar,Begusarai,Matihani
Haryana,Panipat,Matlauda
Telangana,Suryapet,Mattampally
Madhya Pradesh,Bhind,Mau
Uttar Pradesh,Chitrakoot,Mau
Maharashtra,Nagpur,Mauda
Uttar Pradesh,Hamirpur,Maudaha
Madhya Pradesh,MAUGANJ,Mauganj
Rajasthan,Didwana-Kuchaman,Maulasar
Uttar Pradesh,Mau,Maunath Bhanjan
Punjab,Bathinda,Maur
Uttar Pradesh,Jhansi,Mauranipur
Rajasthan,Jaipur,Mauzamabad
Telangana,Adilabad,Mavala
Kerala,Alappuzha,Mavelikkara
Rajasthan,Udaipur,Mavli
Maharashtra,Pune,Mawal
Uttar Pradesh,Meerut,Mawana
Meghalaya,Ri Bhoi,Mawhati
Meghalaya,East Khasi Hills,Mawkynrew
Meghalaya,South West Khasi Hills,Mawkyrwat
Meghalaya,East Khasi Hills,Mawlai
Meghalaya,East Khasi Hills,Mawpat
Meghalaya,East Khasi Hills,Mawphlang
Meghalaya,East Khasi Hills,Mawryngkneng
Meghalaya,West Khasi Hills,Mawshynrut
Meghalaya,East Khasi Hills,Mawsynram
Meghalaya,Eastern West Khasi Hills,Mawthadraishan
Andaman And Nicobar Islands,North And Middle Andaman,Mayabunder
Tamil Nadu,Mayiladuthurai,Mayiladuthurai
West Bengal,Jalpaiguri,Maynaguri
Assam,Marigaon,Mayong
West Bengal,Birbhum,Mayureswar - I
West Bengal,Birbhum,Mayureswar - II
Jharkhand,Chatra,Mayur Hand
Assam,Udalguri,Mazbat
Uttar Pradesh,Lalitpur,Mdawara
Arunachal Pradesh,East Siang,Mebo Adc
Arunachal Pradesh,Shi Yomi,Mechuka Adc
Telangana,Medak,Medak
Telangana,Medchal Malkajgiri,Medchal
Andhra Pradesh,Guntur,Medikonduru
Jharkhand,Palamu,Medininagar(Daltonganj)
Telangana,Jagitial,Medipalli
Telangana,Medchal Malkajgiri,Medipally
Nagaland,Chumoukedima,Medziphema
Kerala,Kottayam,Meenachil
Uttar Pradesh,Bareilly,Meerganj
Uttar Pradesh,Meerut,Meerut
Madhya Pradesh,Jhabua,Meghnagar
Gujarat,Arvalli,Meghraj
Punjab,Barnala,Mehal Kalan
Himachal Pradesh,Una,Mehatpur
Uttar Pradesh,Sant Kabir Nagar,Mehdawal
Jharkhand,Godda,Meherma
Madhya Pradesh,Bhind,Mehgaon
Maharashtra,Buldhana,Mehkar
Gujarat,Kheda,Mehmedabad
Uttar Pradesh,Azamgarh,Mehnagar
Delhi,South,Mehrauli
Bihar,Purbi Champaran,Mehsi
Uttar Pradesh,Prayagraj,Meja
West Bengal,Bankura,Mejhia
West Bengal,Cooch Behar,Mekliganj
Andhra Pradesh,Srikakulam,Meliaputti
Telangana,Suryapet,Mellachervu
Tamil Nadu,Viluppuram,Melmalaiyanur
Tamil Nadu,Madurai,Melur
Nagaland,Meluri,Meluri
West Bengal,Purba Bardhaman,Memari - I
West Bengal,Purba Bardhaman,Memari - II
Gujarat,Junagadh,Mendarda
Jammu And Kashmir,Poonch,Mendhar
Telangana,Nizamabad,Mendora
Arunachal Pradesh,Papum Pare,Mengio Eac
Andhra Pradesh,Vizianagaram,Mentada
Andhra Pradesh,Vizianagaram,Merakamudidam
Jharkhand,Garhwa,Meral (Pipra Kalan)
Nagaland,Mokokchung,Merangmen
Rajasthan,Nagaur,Merta
Bihar,Nawada,Meskaur
Arunachal Pradesh,Anjaw,Metengliang Circle
Telangana,Jagitial,Metpalli
Tamil Nadu,Coimbatore,Mettupalayam
Tamil Nadu,Salem,Mettur
Maharashtra,Raigad,Mhasla
Arunachal Pradesh,Changlang,Miao Adc
Telangana,Mahabubnagar,Midjil
West Bengal,Paschim Medinipur,Midnapore
Andhra Pradesh,Nandyal,Midthur
Arunachal Pradesh,Upper Siang,Migging Circle
Uttar Pradesh,Bahraich,Mihinpurwa Motipur
Madhya Pradesh,Bhind,Mihona
Assam,Marigaon,Mikirbheta
Uttar Pradesh,Rampur,Milak
Uttar Pradesh,Ayodhya,Milkipur
West Bengal,North 24 Parganas,Minakhan
Bihar,Muzaffarpur,Minapur
Lakshadweep,Lakshadweep District,Minicoy
Arunachal Pradesh,Dibang Valley,Mipi
Maharashtra,Sangli,Miraj
Telangana,Siddipet,Mirdoddi
West Bengal,Darjeeling,Mirik
Telangana,Nalgonda,Miryalaguda
Uttar Pradesh,Mirzapur,Mirzapur
Uttar Pradesh,Sitapur,Misrikh
Uttar Pradesh,Kheri,Mitauli
Rajasthan,Sawai Madhopur,Mitrapura
Tamil Nadu,Erode,Modakkurichi
Bihar,Jehanabad,Modanganj
Gujarat,Arvalli,Modasa
Delhi,Central North,Model Town
Uttar Pradesh,Ghaziabad,Modinagar
Punjab,Moga,Moga
Andhra Pradesh,West Godavari,Mogalthur
Telangana,Sangareddy,Mogudampally
Telangana,Jayashankar Bhupalapally,Mogullapally
Maharashtra,Bhandara,Mohadi
Jammu And Kashmir,Doda,Mohalla
Uttar Pradesh,Ghazipur,Mohammadabad
Telangana,Mahabubnagar,Mohammadabad
West Bengal,Birbhum,Mohammad Bazar
Jharkhand,Palamu,Mohammad Ganj
Telangana,Kamareddy,Mohammadnagar
Uttar Pradesh,Kheri,Mohammdi
Odisha,Gajapati,Mohana
Madhya Pradesh,Tikamgarh,Mohangarh
Bihar,Kaimur (Bhabua),Mohania
Uttar Pradesh,Lucknow,Mohanlalganj
Bihar,Gaya,Mohanpur
West Bengal,Paschim Medinipur,Mohanpur
Jharkhand,Deoghar,Mohanpur
Tripura,West Tripura,Mohanpur
Bihar,Samastipur,Mohanpur
Tamil Nadu,Namakkal,Mohanur
Bihar,Samastipur,Mohiuddinagar
Madhya Pradesh,Chhindwara,Mohkhed
Chhattisgarh,Mohla-Manpur-Ambagarh Chouki,Mohla
Haryana,Faridabad,Mohna St
Maharashtra,Solapur,Mohol
Telangana,Ranga Reddy,Moinabad
Manipur,Bishnupur,Moirang
Bihar,Patna,Mokameh
Maharashtra,Palghar,Mokhada
Karnataka,Chitradurga,Molakalmuru
Madhya Pradesh,Shajapur,Moman Badodiya
Telangana,Vikarabad,Mominpet
Arunachal Pradesh,Shi Yomi,Monigong Eac
Nagaland,Mon,Mon Sadar
Nagaland,Mon,Monyakshu
Karnataka,Dakshina Kannada,Moodubidire
Punjab,Sangrur,Moonak
Telangana,Mahabubnagar,Moosapet
Andhra Pradesh,Krishna,Mopidevi
Arunachal Pradesh,Upper Siang,Mopom Adipasi Circle
Nagaland,Mon,Mopong
Odisha,Mayurbhanj,Morada
Uttar Pradesh,Moradabad,Moradabad
Assam,Dibrugarh,Moran
Himachal Pradesh,Kinnaur,Morang
Assam,Golaghat,Morangi
Madhya Pradesh,Gwalior,Morar
Gujarat,Morbi,Morbi City
Manipur,Tengnoupal,Moreh
Madhya Pradesh,Morena,Morena
Madhya Pradesh,Morena,Morena Nagar
Uttarakhand,Uttarkashi,Mori
Punjab,Rupnagar,Morinda
Goa,South Goa,Mormugao
Haryana,Panchkula,Morni St
Maharashtra,Amravati,Morshi
Telangana,Nizamabad,Morthad
Gujarat,Morbi,Morvi
Bihar,Samastipur,Morwa
Gujarat,Panch Mahals,Morwa (Hadaf)
Telangana,Nizamabad,Mosara
Telangana,Yadadri Bhuvanagiri,Motakonduru
Maharashtra,Buldhana,Motala
Uttar Pradesh,Jhansi,Moth
Telangana,Suryapet,Mothey
Telangana,Yadadri Bhuvanagiri,Mothkur
Bihar,Purbi Champaran,Motihari
Odisha,Malkangiri,Motu
Jammu And Kashmir,Udhampur,Moungri
Andhra Pradesh,Krishna,Movva
West Bengal,Purba Medinipur,Moyna
Manipur,Churachandpur,Mualnuam
Karnataka,Belagavi,Mudalgi
Andhra Pradesh,Y.S.R. Kadapa,Muddanur
Karnataka,Vijayapura,Muddebihal
Karnataka,Bagalkote,Mudhol
Telangana,Nirmal,Mudhole
Karnataka,Chikkamagaluru,Mudigere
Telangana,Khammam,Mudigonda
Andhra Pradesh,Sri Sathya Sai,Mudigubba
Andhra Pradesh,Eluru,Mudinepalle
Maharashtra,Nanded,Mudkhed
Telangana,Medchal Malkajgiri,Muduchinthalapally
Tamil Nadu,Ramanathapuram,Mudukulathur
Jammu And Kashmir,Kishtwar,Mugal Maidan
Telangana,Nizamabad,Mugpal
Uttar Pradesh,Mau,Muhammadabad Gohna
Bihar,Gaya,Muhra
Chhattisgarh,Raigarh,Mukdega
Punjab,Hoshiarpur,Mukerian
Maharashtra,Nanded,Mukhed
Maharashtra,Jalgaon,Muktainagar (Edlabad)
Arunachal Pradesh,Tawang,Mukto Circle
Kerala,Thrissur,Mukundapuram
Maharashtra,Chandrapur,Mul
Andhra Pradesh,Visakhapatnam,Mulagada
Andhra Pradesh,Annamayya,Mulakalacheruvu
Haryana,Ambala,Mulana St
Karnataka,Kolar,Mulbagal
Maharashtra,Gadchiroli,Mulchera
Gujarat,Surendranagar,Muli
Telangana,Bhadradri Kothagudem,Mulkalapally
Karnataka,Dakshina Kannada,Mulki
Maharashtra,Pune,Mulshi
Madhya Pradesh,Betul,Multai
Himachal Pradesh,Kangra,Multhan
Telangana,Siddipet,Mulug
Telangana,Mulugu,Mulug
Andhra Pradesh,Dr. B.R. Ambedkar Konaseema,Mummidivaram
Telangana,Suryapet,Munagala
Andhra Pradesh,Anakapalli,Munagapaka
Andhra Pradesh,Alluri Sitharama Raju,Munchingi Puttu
Karnataka,Gadag,Mundargi
Rajasthan,Khairthal-Tijara,Mundawar
Karnataka,Uttara Kannada,Mundgod
Madhya Pradesh,Khandwa (East Nimar),Mundi
Delhi,Outer North,Mundka
Andhra Pradesh,Prakasam,Mundlamuru
Gujarat,Kachchh,Mundra
Rajasthan,Nagaur,Mundwa
Madhya Pradesh,Ashoknagar,Mungaoli
Chhattisgarh,Mungeli,Mungeli
Bihar,Munger,Munger
Odisha,Rayagada,Muniguda
Telangana,Sangareddy,Munipally
Uttarakhand,Pithoragarh,Munsiari
Telangana,Nalgonda,Munugode
Telangana,Nizamabad,Mupkal
Andhra Pradesh,Palnadu,Muppalla
West Bengal,Birbhum,Murarai - I
West Bengal,Birbhum,Murarai - II
Maharashtra,Thane,Murbad
Jharkhand,Khunti,Murhu
Odisha,Balangir,Muribahal
Bihar,Madhepura,Murliganj
West Bengal,Murshidabad,Murshidabad Jiaganj
Maharashtra,Akola,Murtijapur
Maharashtra,Raigad,Murud
Madhya Pradesh,Katni,Murwara Or Katni
Jharkhand,East Singhbum,Musabani
Uttar Pradesh,Amethi,Musafirkhana
Bihar,Muzaffarpur,Musahri
Telangana,Hyderabad,Musheerabad
Tamil Nadu,Tiruchirappalli,Musiri
Uttarakhand,Dehradun,Mussoorie
Telangana,Rajanna Sircilla,Mustabad
Andhra Pradesh,Eluru,Musunuru
Telangana,Jayashankar Bhupalapally,Mutharam Mahadevpur
Telangana,Peddapalli,Mutharam (Manthani)
Andhra Pradesh,Sri Potti Sriramulu Nellore,Muthukur
Tamil Nadu,Thiruvarur,Muthupettai
Kerala,Ernakulam,Muvattupuzha
Uttar Pradesh,Muzaffarnagar,Muzaffarnagar
Tamil Nadu,Chennai,Mylapore
Andhra Pradesh,Y.S.R. Kadapa,Mylavaram
Andhra Pradesh,Ntr,Mylavaram
Meghalaya,East Khasi Hills,Mylliem
Karnataka,Mysuru,Mysuru
West Bengal,Nadia,Nabadwip
West Bengal,Murshidabad,Nabagram
Odisha,Nabarangpur,Nabarangapur P.S
Punjab,Patiala,Nabha
Bihar,Aurangabad,Nabinagar
Arunachal Pradesh,Upper Subansiri,Nacho Sdo
Himachal Pradesh,Hamirpur,Nadaun
Rajasthan,Bharatpur,Nadbai
Andhra Pradesh,Palnadu,Nadendla
Gujarat,Kheda,Nadiad
Gujarat,Kheda,Nadiad City
Telangana,Suryapet,Nadigudem
Telangana,Hanumakonda,Nadikuda
Rajasthan,Karauli,Nadoti
Assam,Sonitpur,Naduar
Assam,Biswanath,Na-Duar
Arunachal Pradesh,Bichom,Nafra Adc
Andhra Pradesh,Tirupati,Nagalapuram
Telangana,Sangareddy,Nagalgidda
Karnataka,Mandya,Nagamangala
Assam,Nagaon,Nagaon
Tamil Nadu,Nagapattinam,Nagapattinam
Maharashtra,Ahilyanagar,Nagar
Rajasthan,Deeg,Nagar
Andhra Pradesh,Bapatla,Nagaram
Telangana,Suryapet,Nagaram
Assam,Kamrup,Nagarbera
Rajasthan,Tonk,Nagarfort
Andhra Pradesh,Chittoor,Nagari
Telangana,Nagarkurnool,Nagarkurnool
Bihar,Nalanda,Nagar Nausa
Jharkhand,Garhwa,Nagaruntari
Rajasthan,Nagaur,Nagaur
Andhra Pradesh,Krishna,Nagayalanka
Maharashtra,Chandrapur,Nagbhid
Madhya Pradesh,Ujjain,Nagda
Uttar Pradesh,Bijnor,Nagina
Haryana,Nuh,Nagina St
Nagaland,Mon,Naginimora
Telangana,Kamareddy,Nagireddypet
Madhya Pradesh,Satna,Nagod
Maharashtra,Nagpur,Nagpur (Rural)
Maharashtra,Nagpur,Nagpur (Urban)
Bihar,Saran,Nagra
West Bengal,Jalpaiguri,Nagrakata
Jharkhand,Ranchi,Nagri
Chhattisgarh,Dhamtari,Nagri
Jammu And Kashmir,Kathua,Nagri Parole
Jammu And Kashmir,Jammu,Nagrota
Himachal Pradesh,Kangra,Nagrota Bagwan
Himachal Pradesh,Kangra,Nagrota Surian
Jammu And Kashmir,Kishtwar,Nagseni
Andhra Pradesh,Prakasam,Naguluppala Padu
Himachal Pradesh,Sirmaur,Nahan
Assam,Dibrugarh,Naharkatiya
Arunachal Pradesh,Papum Pare,Naharlagun Eac
Haryana,Rewari,Nahar St
Andhra Pradesh,Tirupati,Naidupet
Maharashtra,Nanded,Naigaon (Khairgaon)
Madhya Pradesh,MAUGANJ,Naigarhi
Himachal Pradesh,Bilaspur,Naina Devi
Uttarakhand,Tehri Garhwal,Nainbag
Uttarakhand,Nainital,Nainital
Madhya Pradesh,Mandla,Nainpur
Rajasthan,Bundi,Nainwa
Madhya Pradesh,Ashoknagar,Nai Sarai
Delhi,South West,Najafgarh
Uttar Pradesh,Bijnor,Najibabad
West Bengal,Nadia,Nakashipara
Gujarat,Kachchh,Nakhatrana
Andhra Pradesh,Anakapalli,Nakkapalli
Punjab,Jalandhar,Nakodar
Telangana,Nalgonda,Nakrekal
Odisha,Sambalpur,Naktideul
Uttar Pradesh,Saharanpur,Nakur
Jharkhand,Jamtara,Nala
Himachal Pradesh,Solan,Nalagarh
Assam,Nalbari,Nalbari
Telangana,Nalgonda,Nalgonda
West Bengal,Birbhum,Nalhati - I
West Bengal,Birbhum,Nalhati - II
Madhya Pradesh,Agar-Malwa,Nalkheda
Telangana,Warangal,Nallabelli
Andhra Pradesh,Sri Sathya Sai,Nallachervu
Andhra Pradesh,East Godavari,Nallajerla
Andhra Pradesh,Sri Sathya Sai,Nallamada
Tamil Nadu,Dharmapuri,Nallampalli
Tamil Nadu,Namakkal,Namakkal
Tamil Nadu,Erode,Nambiyur
Manipur,Bishnupur,Nambol
Andhra Pradesh,Sri Sathya Sai,Nambulapulakunta
Sikkim,Namchi,Namchi
Meghalaya,West Jaintia Hills,Namdong
Himachal Pradesh,Bilaspur,Namhol
West Bengal,South 24 Parganas,Namkhana
Jharkhand,Ranchi,Namkum
Telangana,Hyderabad,Nampally
Telangana,Nalgonda,Nampally
Arunachal Pradesh,Changlang,Nampong Sdo
Arunachal Pradesh,Namsai,Namsai Hq
Nagaland,Longleng,Namsang
Arunachal Pradesh,East Siang,Namsing Circle
Sikkim,Namchi,Namthang
Arunachal Pradesh,Changlang,Namtok Eac
Uttarakhand,Udham Singh Nagar,Nanakmatta
Gujarat,Valsad,Nanapodha
Andaman And Nicobar Islands,Nicobars,Nancowry
Odisha,Nabarangpur,Nandahandi
West Bengal,Purba Medinipur,Nanda Kumar
Andhra Pradesh,Y.S.R. Kadapa,Nandalur
Odisha,Koraput,Nandapur
Andhra Pradesh,Kurnool,Nandavaram
Maharashtra,Nanded,Nanded
Maharashtra,Nashik,Nandgaon
Maharashtra,Amravati,Nandgaon-Khandeshwar
Chhattisgarh,Bemetara,Nandghat
Andhra Pradesh,Srikakulam,Nandigam
Andhra Pradesh,Ntr,Nandigama
Telangana,Ranga Reddy,Nandigama
West Bengal,Purba Medinipur,Nandigram - I
West Bengal,Purba Medinipur,Nandigram - II
Andhra Pradesh,Nandyal,Nandikotkur
Telangana,Nizamabad,Nandipet
Andhra Pradesh,Krishna,Nandivada
Gujarat,Narmada,Nandod
Uttarakhand,Chamoli,Nandprayag
Maharashtra,Buldhana,Nandura
Maharashtra,Nandurbar,Nandurbar
Andhra Pradesh,Nandyal,Nandyal Rural
Andhra Pradesh,Nandyal,Nandyal Urban
Punjab,Rupnagar,Nangal
Haryana,Mahendragarh,Nangal Chawdhary
Rajasthan,Dausa,Nangal Rajawatan
Delhi,North West,Nangloi Jat
Telangana,Siddipet,Nangnoor
Tamil Nadu,Tirunelveli,Nanguneri
Chhattisgarh,Bastar,Nangur
Karnataka,Mysuru,Nanjangud
Himachal Pradesh,Shimla,Nankhari
Tamil Nadu,Thiruvarur,Nannilam
West Bengal,Birbhum,Nanoor
Uttar Pradesh,Bahraich,Nanpara
Bihar,Sitamarhi,Nanpur
Assam,Lakhimpur,Naobaicha
Bihar,Begusarai,Naokothi
Himachal Pradesh,Sirmaur,Narag
Haryana,Ambala,Naraingarh
Uttar Pradesh,Banda,Naraini
Odisha,Kalahandi,Narala
Andhra Pradesh,Srikakulam,Narasannapeta
Andhra Pradesh,West Godavari,Narasapuram
Andhra Pradesh,Palnadu,Narasaraopet
Karnataka,Chikkamagaluru,Narasimharajapura
Telangana,Siddipet,Narayanaraopet
Andhra Pradesh,Tirupati,Narayanavanam
Uttarakhand,Chamoli,Narayanbagar
Madhya Pradesh,Mandla,Narayanganj
West Bengal,Paschim Medinipur,Narayangarh
Telangana,Sangareddy,Narayankhed
Odisha,Koraput,Narayanpatana
Telangana,Narayanpet,Narayanpet
Chhattisgarh,Narayanpur,Narayanpur
Rajasthan,Kotputli-Behror,Narayanpur
Telangana,Yadadri Bhuvanagiri,Narayanpur
Jharkhand,Jamtara,Narayanpur
Bihar,Bhagalpur,Narayanpur
Assam,Lakhimpur,Narayanpur
Jammu And Kashmir,Budgam,Narbal
Bihar,Nawada,Nardiganj
Delhi,Outer North,Narela
Uttarakhand,Tehri Garhwal,Narendra Nagar
Karnataka,Gadag,Nargund
Chhattisgarh,Uttar Bastar Kanker,Narharpur
Bihar,Nawada,Narhat
Arunachal Pradesh,Lower Siang,Nari Adc
Bihar,Purbi Champaran,Narkatia
Bihar,Pashchim Champaran,Narkatiaganj
Telangana,Nalgonda,Narketpally
Maharashtra,Nagpur,Narkhed
Telangana,Jangoan,Narmetta
Haryana,Mahendragarh,Narnaul
Haryana,Hansi,Narnaund
Telangana,Adilabad,Narnoor
Andhra Pradesh,Ananthapuramu,Narpala
Bihar,Araria,Narpatganj
Telangana,Warangal,Narsampet
Uttarakhand,Haridwar,Narsan
Telangana,Medak,Narsapur
Telangana,Nirmal,Narsapur G
Madhya Pradesh,Narsimhapur,Narsimhapur
Telangana,Mahabubabad,Narsimhulapet
Madhya Pradesh,Rajgarh,Narsinghgarh
Odisha,Cuttack,Narsinghpur
Telangana,Medak,Narsingi
Andhra Pradesh,Anakapalli,Narsipatnam
Telangana,Narayanpet,Narwa
Uttar Pradesh,Kanpur Nagar,Narwal
Haryana,Jind,Narwana
Madhya Pradesh,Shivpuri,Narwar
Jammu And Kashmir,Baramulla,Narwav
Maharashtra,Nashik,Nashik
Rajasthan,Ajmer,Nasirabad
Telangana,Mancherial,Naspur
Bihar,Rohtas,Nasriganj
Telangana,Kamareddy,Nasurullabad
Gujarat,Chhotaudepur,Nasvadi
Madhya Pradesh,Vidisha,Nateran
Tamil Nadu,Dindigul,Natham
Andhra Pradesh,Anakapalli,Nathavaram
Rajasthan,Rajsamand,Nathdwara
Bihar,Bhagalpur,Nathnagar
Haryana,Sirsa,Nathusari Chopta
Tamil Nadu,Tirupathur,Natrampalli
Bihar,Patna,Naubatpur
Bihar,Bhagalpur,Naugachhia
Rajasthan,Alwar,Nauganwa
Odisha,Jagatsinghapur,Naugaon
Uttar Pradesh,Chandauli,Naugarh
Uttar Pradesh,Siddharthnagar,Naugarh
Uttar Pradesh,Amroha,Naugawan Sadat
Bihar,Saharsa,Nauhatta
Bihar,Rohtas,Nauhatta
Bihar,Pashchim Champaran,Nautan
Bihar,Siwan,Nautan
Uttar Pradesh,Mahrajganj,Nautanwa
Karnataka,Dharwad,Navalgund
Telangana,Nizamabad,Navipet
Gujarat,Navsari,Navsari
Rajasthan,Didwana-Kuchaman,Nawa
Jharkhand,Palamu,Nawa Bazar
Uttar Pradesh,Bareilly,Nawabganj
Uttar Pradesh,Bara Banki,Nawabganj
Telangana,Vikarabad,Nawabpet
Telangana,Mahabubnagar,Nawabpet
Bihar,Nawada,Nawada
Jharkhand,Bokaro,Nawadih
Jharkhand,Palamu,Nawadiha Bazar/Nawadiha*
Chhattisgarh,Bemetara,Nawagarh
Chhattisgarh,Janjgir-Champa,Nawagarh
Rajasthan,Jhunjhunu,Nawalgarh
Bihar,Buxar,Nawanagar
Punjab,Shahid Bhagat Singh Nagar,Nawanshahr
Maharashtra,Nandurbar,Nawapur
West Bengal,Murshidabad,Nawda
West Bengal,Darjeeling,Naxalbari
Chhattisgarh,Sakti,Naya Baradwar
Rajasthan,Udaipur,Nayagaon
Odisha,Nayagarh,Nayagarh
West Bengal,Jhargram,Nayagram
Assam,Sivasagar,Nazira
Rajasthan,Sikar,Nechhwa
Kerala,Thiruvananthapuram,Nedumangad
Tamil Nadu,Thiruvarur,Needamangalam
Bihar,Gaya,Neem Chak Bathani
Rajasthan,Sikar,Neem Ka Thana
Rajasthan,Kotputli-Behror,Neemrana
Madhya Pradesh,Neemuch,Neemuch
Madhya Pradesh,Neemuch,Neemuch Nagar
Andhra Pradesh,Palnadu,Nekarikallu
Telangana,Warangal,Nekkonda
Telangana,Khammam,Nelakondapalli
Karnataka,Bengaluru Rural,Nelamangala
Telangana,Mahabubabad,Nellikudur
Andhra Pradesh,Vizianagaram,Nellimarla
Andhra Pradesh,Sri Potti Sriramulu Nellore,Nellore Rural
Andhra Pradesh,Sri Potti Sriramulu Nellore,Nellore Urban
Tamil Nadu,Ranipet,Nemili
Telangana,Mancherial,Nennel
Madhya Pradesh,Burhanpur,Nepanagar
Maharashtra,Yavatmal,Ner
Telangana,Adilabad,Neradigonda
Telangana,Suryapet,Nereducherla
Telangana,Nalgonda,Neredugommu
Himachal Pradesh,Shimla,Nerwa
Gujarat,Bharuch,Netrang
West Bengal,Purulia,Neturia
Maharashtra,Ahilyanagar,Nevasa
Delhi,New Delhi,New Delhi
Arunachal Pradesh,Lower Siang,New Seren Circle
Kerala,Thiruvananthapuram,Neyyattinkara
Mizoram,Saitual,Ngopa
Nagaland,Tuensang,Ngoungchung
Odisha,Cuttack,Niali
Himachal Pradesh,Kinnaur,Nichar
Uttar Pradesh,Mahrajganj,Nichlaul
Andhra Pradesh,East Godavari,Nidadavole
Karnataka,Vijayapura,Nidagundi
Andhra Pradesh,Eluru,Nidamarru
Telangana,Nalgonda,Nidmanoor
Haryana,Karnal,Nigdu St
Uttar Pradesh,Kheri,Nighasan
Punjab,Moga,Nihal Singhwala
Nagaland,Niuland,Nihokhu
Himachal Pradesh,Mandi,Nihri
Arunachal Pradesh,West Siang,Nikte Kodum Circle
Odisha,Balasore,Nilagiri
Tamil Nadu,Dindigul,Nilakkottai
Jharkhand,Palamu,Nilambar-Pitambarpur(Lesliganj)
Assam,Sribhumi,Nilambazar
Kerala,Malappuram,Nilambur
Maharashtra,Latur,Nilanga
Arunachal Pradesh,Upper Subansiri,Nilling Circle
Haryana,Karnal,Nilokheri
Odisha,Puri,Nimapada
Rajasthan,Chittorgarh,Nimbahera
Jharkhand,Saraikela Kharsawan,Nimdih
Andhra Pradesh,Annamayya,Nimmanapalle
Andhra Pradesh,Chittoor,Nindra
Maharashtra,Nashik,Niphad
Karnataka,Belagavi,Nippani
Rajasthan,Dausa,Nirjharna
Bihar,Supaul,Nirmali
Telangana,Nirmal,Nirmal Rural
Telangana,Nirmal,Nirmal U
Himachal Pradesh,Kullu,Nirmand
Jharkhand,Dhanbad,Nirsa-Cum-Chirkunda
Odisha,Cuttack,Nischintakoili
Haryana,Karnal,Nising St
Himachal Pradesh,Kullu,Nither
Nagaland,Niuland,Niuland
Rajasthan,Tonk,Niwai
Madhya Pradesh,Barwani,Niwali
Madhya Pradesh,Niwari,Niwari
Madhya Pradesh,Mandla,Niwas
Uttar Pradesh,Azamgarh,Nizamabad
Telangana,Nizamabad,Nizamabad North
Telangana,Nizamabad,Nizamabad Rural
Telangana,Nizamabad,Nizamabad South
Andhra Pradesh,Bapatla,Nizampatnam
Telangana,Medak,Nizampet
Telangana,Sangareddy,Nizampet (28)
Telangana,Kamareddy,Nizamsagar
Gujarat,Tapi,Nizar
Jharkhand,West Singhbhum,Noamundi
Rajasthan,Hanumangarh,Nohar
Himachal Pradesh,Sirmaur,Nohra
Rajasthan,Bikaner,Nokha
Bihar,Rohtas,Nokha
Rajasthan,Barmer,Nokhra
Nagaland,Noklak,Nokhu
Nagaland,Noklak,Noklak
Nagaland,Tuensang,Noksen
Meghalaya,West Khasi Hills,Nongstoin
Bihar,Nalanda,Noorsarai
Assam,Kamrup,North Guwahati
Assam,Lakhimpur,North Lakhimpur
Madhya Pradesh,Chhatarpur,Nowgong
Madhya Pradesh,Umaria,Nowrozabad
Jammu And Kashmir,Rajouri,Nowshera
Nagaland,Peren,Nsong
Odisha,Gajapati,Nuagad
Odisha,Nayagarh,Nuagaon
Bihar,Kaimur (Bhabua),Nuaon
Odisha,Nuapada,Nuapada
Haryana,Nuh,Nuh
Manipur,Noney,Nungba
Himachal Pradesh,Kangra,Nurpur
Telangana,Suryapet,Nuthanakal
Andhra Pradesh,Palnadu,Nuzendla
Andhra Pradesh,Eluru,Nuzividu
Telangana,Sangareddy,Nyalkal
Karnataka,Davanagere,Nyamathi
Arunachal Pradesh,Kurung Kumey,Nyapin Adc
Arunachal Pradesh,Kurung Kumey,Nyobia Circle
Ladakh,Leh Ladakh,Nyoma
Uttar Pradesh,Sonbhadra,Obra
Bihar,Aurangabad,Obra
Rajasthan,Dungarpur,Obri
Andhra Pradesh,Sri Sathya Sai,Obuladevaracheruvu
Andhra Pradesh,Tirupati,Obulavaripalle
Odisha,Nayagarh,Odagaon
Odisha,Dhenkanal,Odapada
Tamil Nadu,Dindigul,Oddanchatram
Telangana,Peddapalli,Odela
Chhattisgarh,Surajpur,Odgi
Gujarat,Banas Kantha,Ogad
Uttarakhand,Nainital,Okhalkanda
Gujarat,Devbhumi Dwarka,Okhamandal
Arunachal Pradesh,Lower Subansiri,Old Ziro Sdo
Gujarat,Surat,Olpad
Tamil Nadu,Salem,Omalur
Maharashtra,Dharashiv,Omarga
West Bengal,Bankura,Onda
Andhra Pradesh,Prakasam,Ongole Rural
Andhra Pradesh,Prakasam,Ongole Urban
Nagaland,Mokokchung,Ongpangkong
Nagaland,Mokokchung,Ongpangkong (N)
Uttar Pradesh,Jalaun,Orai
Tamil Nadu,Thanjavur,Orathanadu
Madhya Pradesh,Niwari,Orchha
Chhattisgarh,Narayanpur,Orchha
Jharkhand,Ranchi,Ormanjhi
Andhra Pradesh,Kurnool,Orvakal
Rajasthan,Jodhpur,Osian
Tamil Nadu,Thoothukkudi,Ottapidaram
Kerala,Palakkad,Ottappalam
Puducherry,Puducherry,Oulgaret
Odisha,Balasore,Oupada
Andhra Pradesh,Nandyal,Owk
Arunachal Pradesh,East Siang,Oyan Circle
Andhra Pradesh,Tirupati,Ozili
Bihar,Gopalganj,Pach Deuri
Himachal Pradesh,Sirmaur,Pachhad
Assam,Nalbari,Pachim Nalbari
Andhra Pradesh,Parvathipuram Manyam,Pachipenta
Maharashtra,Jalgaon,Pachora
Madhya Pradesh,Rajgarh,Pachore
Rajasthan,Balotra,Pachpadra
Rajasthan,Jhalawar,Pachpahar
Chhattisgarh,Bilaspur,Pachpedi
Bihar,Siwan,Pachrukhi
Rajasthan,Ganganagar,Padampur
Odisha,Bargarh,Padampur
Telangana,Nagarkurnool,Padara
Gujarat,Rajkot,Paddhari
Andhra Pradesh,Alluri Sitharama Raju,Paderu
Himachal Pradesh,Mandi,Padhar
Jharkhand,Hazaribagh,Padma
Andhra Pradesh,Visakhapatnam,Padmanabham
Odisha,Rayagada,Padmapur
Gujarat,Vadodara,Padra
Uttar Pradesh,Kushinagar,Padrauna
Jharkhand,Palamu,Padwa
Andhra Pradesh,Nandyal,Pagidyala
Jammu And Kashmir,Anantnag,Pahalgam
Rajasthan,Deeg,Pahari
Bihar,Purbi Champaran,Paharpur
Jammu And Kashmir,Kulgam,Pahloo
Odisha,Bargarh,Paikmal
Uttar Pradesh,Banda,Pailani
Maharashtra,Chhatrapati Sambhajinagar,Paithan
Himachal Pradesh,Sirmaur,Pajhota
Andhra Pradesh,Tirupati,Pakala
Jharkhand,Simdega,Pakar Tanr
Jharkhand,Pakur,Pakaur
Chhattisgarh,Uttar Bastar Kanker,Pakhanjur
Arunachal Pradesh,Pakke Kessang,Pakke Kessang Eac
Arunachal Pradesh,East Kameng,Pakoti Circle
Bihar,Nawada,Pakribarawan
Bihar,Purbi Champaran,Pakri Dayal
Jharkhand,Pakur,Pakuria
Sikkim,Pakyong,Pakyong
Andhra Pradesh,West Godavari,Palacoderu
Andhra Pradesh,West Godavari,Palacole
Telangana,Suryapet,Palakeedu
Kerala,Palakkad,Palakkad
Tamil Nadu,Dharmapuri,Palakkodu
Andhra Pradesh,Parvathipuram Manyam,Palakonda
Telangana,Peddapalli,Palakurthy
Telangana,Jangoan,Palakurthy
Maharashtra,Parbhani,Palam
Andhra Pradesh,Chittoor,Palamaner
Himachal Pradesh,Kangra,Palampur
Tamil Nadu,Dindigul,Palani
Gujarat,Banas Kantha,Palanpur
Gujarat,Banas Kantha,Palanpur City
Chhattisgarh,Balodabazar-Bhatapara,Palari
Andhra Pradesh,Srikakulam,Palasa
Andhra Pradesh,Chittoor,Palasamudram
Assam,Kamrup,Palasbari
Bihar,Araria,Palasi
Tamil Nadu,Tirunelveli,Palayamkottai
Rajasthan,Dungarpur,Paldewal
Madhya Pradesh,Tikamgarh,Palera
Maharashtra,Palghar,Palghar
Haryana,Rewari,Palhawas St
Chhattisgarh,Korba,Pali
Rajasthan,Pali,Pali
Uttar Pradesh,Lalitpur,Pali
Madhya Pradesh,Umaria,Pali
Uttar Pradesh,Kheri,Palia
Bihar,Patna,Paliganj
Telangana,Jayashankar Bhupalapally,Palimela
Arunachal Pradesh,Kra Daadi,Palin Circle
Gujarat,Bhavnagar,Palitana
Jharkhand,Gumla,Palkot
Tamil Nadu,Tiruppur,Palladam
Odisha,Angul,Pallahara
Tamil Nadu,Chengalpattu,Pallavaram
Arunachal Pradesh,Upper Siang,Palling Circle
Tamil Nadu,Thiruvallur,Pallipattu
Rajasthan,Hanumangarh,Pallu
Jharkhand,Deoghar,Palojori
Gujarat,Surat,Palsana
Maharashtra,Sangli,Palus
Telangana,Bhadradri Kothagudem,Palvoncha
Haryana,Palwal,Palwal
Telangana,Kamareddy,Palwancha
Andhra Pradesh,Krishna,Pamarru
Chhattisgarh,Janjgir-Champa,Pamgarh
Andhra Pradesh,Ananthapuramu,Pamidi
Andhra Pradesh,Krishna,Pamidimukkala
Jammu And Kashmir,Pulwama,Pampore
Andhra Pradesh,Nandyal,Pamulapadu
Andhra Pradesh,Markapuram,Pamur
Madhya Pradesh,Jabalpur,Panagar
Bihar,Saran,Panapur
Jammu And Kashmir,Udhampur,Panchari
Haryana,Panchkula,Panchkula
West Bengal,Howrah,Panchla
Himachal Pradesh,Kangra,Panchrukhi
West Bengal,Paschim Bardhaman,Pandabeswar
Bihar,Patna,Pandarak
Chhattisgarh,Kabeerdham,Pandariya
Bihar,Madhubani,Pandaul
Karnataka,Mandya,Pandavapura
Madhya Pradesh,Khandwa (East Nimar),Pandhana
Maharashtra,Solapur,Pandharpur
Madhya Pradesh,Pandhurna,Pandhurna
Uttar Pradesh,Chandauli,Pandit Deendayal Upadhyay Nagar
Jharkhand,Palamu,Pandu
West Bengal,Hooghly,Pandua
Telangana,Wanaparthy,Pangal
Arunachal Pradesh,Longding,Pangchao Sdo
Himachal Pradesh,Chamba,Pangi
Arunachal Pradesh,Siang,Pangin Eac
Himachal Pradesh,Mandi,Pangna
Maharashtra,Kolhapur,Panhala
Haryana,Panipat,Panipat
Tripura,North Tripura,Panisagar
Himachal Pradesh,Solan,Panjehra
Uttarakhand,Pithoragarh,Pankhu
Jharkhand,Palamu,Panki
Madhya Pradesh,Panna,Panna
Odisha,Sundargarh,Panposh
Tamil Nadu,Cuddalore,Panruti
Madhya Pradesh,Barwani,Pansemal
West Bengal,Purba Medinipur,Panskura
Nagaland,Noklak,Panso
Jammu And Kashmir,Srinagar,Pantha Chowk
Tamil Nadu,The Nilgiris,Panthalur
Maharashtra,Raigad,Panvel
Andhra Pradesh,Nandyal,Panyam
Manipur,Senapati,Paomata
Himachal Pradesh,Sirmaur,Paonta Sahib
Rajasthan,Kotputli-Behror,Paota
Tamil Nadu,Thanjavur,Papanasam
Telangana,Medak,Papannapet
Odisha,Nabarangpur,Paparahandi
Rajasthan,Dausa,Paparda
Tamil Nadu,Dharmapuri,Pappireddipatti
West Bengal,Purulia,Para
Bihar,Gaya,Paraiya
Odisha,Dhenkanal,Parajang
Odisha,Gajapati,Paralakhemundi
Tamil Nadu,Ramanathapuram,Paramakudi
Tamil Nadu,Namakkal,Paramathi-Velur
Maharashtra,Dharashiv,Paranda
Arunachal Pradesh,Papum Pare,Parang Circle
Madhya Pradesh,Chhindwara,Parasia
Madhya Pradesh,Balaghat,Paraswada
Andhra Pradesh,Anakapalli,Paravada
Kerala,Ernakulam,Paravur
Bihar,Nalanda,Parbalpur
Rajasthan,Didwana-Kuchaman,Parbatsar
Bihar,Khagaria,Parbatta
Maharashtra,Parbhani,Parbhani
Arunachal Pradesh,Lower Dibang Valley,Parbuk Sdo
Andhra Pradesh,Bapatla,Parchur
Telangana,Vikarabad,Pargi
Jammu And Kashmir,Jammu,Pargwal
Andhra Pradesh,Sri Sathya Sai,Parigi
Bihar,Sitamarhi,Parihar
Telangana,Hanumakonda,Parkal
Maharashtra,Beed,Parli
Maharashtra,Ahilyanagar,Parner
Maharashtra,Jalgaon,Parola
Bihar,Muzaffarpur,Paroo
Bihar,Saran,Parsa
Bihar,Sitamarhi,Parsauni
Maharashtra,Nagpur,Parseoni
Maharashtra,Jalna,Partur
Telangana,Warangal,Parvathagiri
Andhra Pradesh,Parvathipuram Manyam,Parvathipuram
Himachal Pradesh,Solan,Parwanoo
Chhattisgarh,Korba,Pasan
Arunachal Pradesh,East Siang,Pasighat Hq
Arunachal Pradesh,Pakke Kessang,Passa Valley Circle
Bihar,Purbi Champaran,Patahi
Jharkhand,East Singhbum,Patamda
Chhattisgarh,Durg,Patan
Rajasthan,Sikar,Patan
Maharashtra,Satara,Patan
Gujarat,Patan,Patan
Jharkhand,Palamu,Patan
Madhya Pradesh,Jabalpur,Patan
Odisha,Keonjhar,Patana
Telangana,Sangareddy,Patancheru
Gujarat,Patan,Patan City
Gujarat,Gir Somnath,Patan-Veraval
Bihar,Saharsa,Patarghat
Haryana,Gurugram,Pataudi
Delhi,Central,Patel Nagar
Bihar,Vaishali,Patepur
Madhya Pradesh,Damoh,Patera
Bihar,Vaishali,Paterhi Belsar
Chhattisgarh,Jashpur,Pathalgaon
Jharkhand,Chatra,Pathalgora
Kerala,Kollam,Pathanapuram
Punjab,Pathankot,Pathankot
Andhra Pradesh,Srikakulam,Pathapatnam
Maharashtra,Ahilyanagar,Pathardi
Jharkhand,Godda,Pathargama
Madhya Pradesh,Vidisha,Pathari
Madhya Pradesh,Damoh,Patharia
Chhattisgarh,Mungeli,Pathariya
Assam,Sribhumi,Patharkandi
West Bengal,South 24 Parganas,Patharpratima
Jharkhand,Sahebganj,Pathna
Assam,Darrang,Pathorighat (Pt)
Maharashtra,Parbhani,Pathri
Madhya Pradesh,Barwani,Pati
Uttarakhand,Champawat,Pati
Punjab,Patiala,Patiala
Uttar Pradesh,Kasganj,Patiyali
Bihar,Patna,Patliputra
Chhattisgarh,Korea,Patna
Bihar,Patna,Patna City
Odisha,Balangir,Patnagarh
Bihar,Patna,Patna Rural
Maharashtra,Beed,Patoda
Rajasthan,Balotra,Patodi
Bihar,Samastipur,Patori
Delhi,East,Patparganj
Punjab,Patiala,Patran
Odisha,Ganjam,Patrapur
West Bengal,Bankura,Patrasayer
Jharkhand,Ramgarh,Patratu
Manipur,Imphal West,Patsoi
Kerala,Palakkad,Pattambi
Odisha,Kendrapara,Pattamundai
Jammu And Kashmir,Baramulla,Pattan
Punjab,Tarn Taran,Patti
Uttar Pradesh,Pratapgarh,Patti
Andhra Pradesh,Kurnool,Pattikonda
Tamil Nadu,Thanjavur,Pattukkottai
Arunachal Pradesh,Kurung Kumey,Patuk Adc
Maharashtra,Akola,Patur
Maharashtra,Bhandara,Pauni
Uttarakhand,Pauri Garhwal,Pauri
Karnataka,Tumakuru,Pavagada
Madhya Pradesh,Panna,Pawai
Uttarakhand,Tehri Garhwal,Pawkidevi
Uttar Pradesh,Bahraich,Payagpur
Andhra Pradesh,Anakapalli,Payakaraopeta
Punjab,Ludhiana,Payal
Arunachal Pradesh,Upper Subansiri,Payeng Circle
Arunachal Pradesh,Siang,Payum Circle
Kerala,Kannur,Payyannur
Andhra Pradesh,Nandyal,Peapully
Telangana,Wanaparthy,Pebbair
Andhra Pradesh,Alluri Sitharama Raju,Peda Bayalu
Andhra Pradesh,Markapuram,Pedacherlo Palle
Andhra Pradesh,Visakhapatnam,Pedagantyada
Andhra Pradesh,Guntur,Pedakakani
Andhra Pradesh,Palnadu,Pedakurapadu
Andhra Pradesh,Krishna,Pedana
Andhra Pradesh,Guntur,Pedanandipadu
Andhra Pradesh,Eluru,Pedapadu
Andhra Pradesh,Krishna,Pedaparupudi
Andhra Pradesh,Kakinada,Pedapudi
Andhra Pradesh,Eluru,Pedavegi
Telangana,Nalgonda,Pedda Adesherlapally
Andhra Pradesh,Markapuram,Peddaaraveedu
Andhra Pradesh,Kurnool,Pedda Kadubur
Telangana,Kamareddy,Pedda Kodapgal
Telangana,Nagarkurnool,Peddakothapally
Telangana,Wanaparthy,Peddamandadi
Andhra Pradesh,Annamayya,Peddamandyam
Andhra Pradesh,Y.S.R. Kadapa,Peddamudiam
Telangana,Peddapalli,Peddapalli
Andhra Pradesh,Chittoor,Peddapanjani
Andhra Pradesh,Ananthapuramu,Peddapappur
Andhra Pradesh,Kakinada,Peddapuram
Andhra Pradesh,Annamayya,Pedda Thippasamudram
Andhra Pradesh,Ananthapuramu,Peddavaduguru
Telangana,Mahabubabad,Peddavangara
Telangana,Nalgonda,Peddavoora
Telangana,Vikarabad,Peddemul
Nagaland,Peren,Pedi (Ngwalwa)
West Bengal,Kalimpong,Pedong
Rajasthan,Pratapgarh,Peepalkhoont
Rajasthan,Tonk,Peeplu
Kerala,Idukki,Peerumade
Rajasthan,Ajmer,Peesangan
Telangana,Jagitial,Pegadapalli
Haryana,Kurukshetra,Pehowa
Andhra Pradesh,Tirupati,Pellakur
Telangana,Nirmal,Pembi
Maharashtra,Raigad,Pen
Andhra Pradesh,Tirupati,Penagalur
Andhra Pradesh,Krishna,Penamaluru
Telangana,Kumuram Bheem Asifabad,Penchicalpet
Andhra Pradesh,Y.S.R. Kadapa,Pendlimarry
Chhattisgarh,Gaurela-Pendra-Marwahi,Pendra
Chhattisgarh,Gaurela-Pendra-Marwahi,Pendra Road
Andhra Pradesh,Visakhapatnam,Pendurthi
Tamil Nadu,Dharmapuri,Pennagaram
Telangana,Suryapet,Penpahad
Andhra Pradesh,West Godavari,Pentapadu
Telangana,Nagarkurnool,Pentlavelli
Telangana,Khammam,Penuballi
Andhra Pradesh,Ntr,Penuganchiprolu
Andhra Pradesh,West Godavari,Penugonda
Andhra Pradesh,Sri Sathya Sai,Penukonda
Andhra Pradesh,West Godavari,Penumantra
Andhra Pradesh,Chittoor,Penumur
Tamil Nadu,Madurai,Peraiyur
Tamil Nadu,Perambalur,Perambalur
Tamil Nadu,Chennai,Perambur
Andhra Pradesh,East Godavari,Peravali
Tamil Nadu,Thanjavur,Peravurani
Nagaland,Peren,Peren
Kerala,Malappuram,Perinthalmanna
Tamil Nadu,Theni,Periyakulam
Tamil Nadu,Vellore,Pernambut
Goa,North Goa,Pernem
Tamil Nadu,Erode,Perundurai
Tamil Nadu,Coimbatore,Perur
Jharkhand,Lohardaga,Peshrar
Jharkhand,Bokaro,Peterwar
Maharashtra,Nashik,Peth
Tamil Nadu,Salem,Pethanaickanpalayam
Gujarat,Anand,Petlad
Madhya Pradesh,Jhabua,Petlawad
Nagaland,Phek,Pfutsero
Andhra Pradesh,Dr. B.R. Ambedkar Konaseema,P.Gannavaram
Rajasthan,Jaipur,Phagi
Punjab,Kapurthala,Phagwara
Rajasthan,Udaipur,Phalasiyan
Rajasthan,Phalodi,Phalodi
Rajasthan,Jaisalmer,Phalsoond
Maharashtra,Satara,Phaltan
West Bengal,Darjeeling,Phansidewa
Chhattisgarh,Kondagaon,Pharasgaon
Uttar Pradesh,Mahrajganj,Pharenda
Arunachal Pradesh,Kurung Kumey,Phassang Circle
Nagaland,Phek,Phek Sadar
Bihar,Purbi Champaran,Phenhara
Jammu And Kashmir,Doda,Phigsoo
Punjab,Jalandhar,Phillaur
Andhra Pradesh,Guntur,Phirangipuram
Odisha,Kandhamal,Phiringia
Nagaland,Meluri,Phokhungri
Nagaland,Mon,Phomching
Rajasthan,Bhilwara,Phooliya Kalan
Nagaland,Meluri,Phor
Maharashtra,Chhatrapati Sambhajinagar,Phulambri
Rajasthan,Jaipur,Phulera (Hq.Sambhar)
Bihar,Banka,Phulidumar
Mizoram,Saitual,Phullen
Assam,Karbi Anglong,Phuloni
Bihar,Madhubani,Phulparas
Uttar Pradesh,Prayagraj,Phulpur
Uttar Pradesh,Azamgarh,Phulpur
Bihar,Patna,Phulwari
Bihar,Gopalganj,Phulwaria
Manipur,Kamjong,Phungyar
Andhra Pradesh,Tirupati,Pichatur
Madhya Pradesh,Gwalior,Pichhor
Madhya Pradesh,Shivpuri,Pichhore
Arunachal Pradesh,Shi Yomi,Pidi Circle
Andhra Pradesh,Palnadu,Piduguralla
Rajasthan,Jhunjhunu,Pilani
Andhra Pradesh,Annamayya,Pileru
Rajasthan,Hanumangarh,Pilibanga
Uttar Pradesh,Pilibhit,Pilibhit
Haryana,Jind,Pillukhera St
Telangana,Bhadradri Kothagudem,Pinapaka
Uttar Pradesh,Varanasi,Pindra
Rajasthan,Sirohi,Pindwara
West Bengal,Paschim Medinipur,Pingla
Rajasthan,Kota,Pipalda
Madhya Pradesh,Narmadapuram,Pipariya
Chhattisgarh,Kabeerdham,Pipariya
Bihar,Lakhisarai,Pipariya
Rajasthan,Jodhpur,Pipar Shahar
Odisha,Puri,Pipili
Madhya Pradesh,Ratlam,Piploda
Bihar,Supaul,Pipra
Jharkhand,Palamu,Pipra
Madhya Pradesh,Ashoknagar,Piprai
Bihar,Purbi Champaran,Piprakothi
Bihar,Sheohar,Piprarhi
Bihar,Pashchim Champaran,Piprasi
Arunachal Pradesh,Kra Daadi,Pipsorang Circle
Arunachal Pradesh,East Kameng,Pipu Dipu Circle
Rajasthan,Jhalawar,Pirawa
Karnataka,Mysuru,Piriyapatna
Bihar,Bhojpur,Piro
Bihar,Bhagalpur,Pirpainti
Jharkhand,Giridih,Pirtanr
Arunachal Pradesh,Keyi Panyor,Pistana Circle
Madhya Pradesh,Dhar,Pithampur
Andhra Pradesh,Kakinada,Pithapuram
Chhattisgarh,Mahasamund,Pithora
Uttarakhand,Pithoragarh,Pithoragarh
Telangana,Kamareddy,Pitlam
Andhra Pradesh,Bapatla,Pittalavanipalem
Arunachal Pradesh,Namsai,Piyong Circle
Arunachal Pradesh,Pakke Kessang,Pizirang Veo Circle
Tamil Nadu,Krishnagiri,Pochampalli
Andhra Pradesh,Sri Potti Sriramulu Nellore,Podalakur
Andhra Pradesh,Markapuram,Podili
Andhra Pradesh,West Godavari,Poduru
Jammu And Kashmir,Ramban,Pogal Paristan
Madhya Pradesh,Shivpuri,Pohri
Rajasthan,Jaisalmer,Pokaran
Uttarakhand,Chamoli,Pokhari
Maharashtra,Raigad,Poladpur
Andhra Pradesh,Srikakulam,Polaki
Odisha,Ganjam,Polasara
Andhra Pradesh,Eluru,Polavaram
Madhya Pradesh,Shajapur,Polaykala
West Bengal,Hooghly,Polba - Dadpur
Tamil Nadu,Coimbatore,Pollachi
Arunachal Pradesh,Kurung Kumey,Polosang Circle
Tamil Nadu,Tiruvannamalai,Polur
Maharashtra,Chandrapur,Pombhurna
Goa,South Goa,Ponda
Chhattisgarh,Korea,Pondi(Bachra)
Andhra Pradesh,Srikakulam,Ponduru
Andhra Pradesh,Prakasam,Ponnaluru
Tamil Nadu,Pudukkottai,Ponnamaravathi
Karnataka,Kodagu,Ponnampet
Kerala,Malappuram,Ponnani
Tamil Nadu,Thiruvallur,Ponneri
Andhra Pradesh,Guntur,Ponnur
Himachal Pradesh,Kinnaur,Poo
Rajasthan,Bikaner,Poogal
Tamil Nadu,Thiruvallur,Poonamallee
Uttarakhand,Champawat,Poornagiri
Andhra Pradesh,Vizianagaram,Poosapatirega
Gujarat,Porbandar,Porabandar City
Gujarat,Porbandar,Porbandar
Jharkhand,Godda,Poreyahat
Manipur,Imphal East,Porompat
Madhya Pradesh,Morena,Porsa
Andaman And Nicobar Islands,South Andamans,Port Blair
Andhra Pradesh,Y.S.R. Kadapa,Porumamilla
Gujarat,Sabar Kantha,Poshina
West Bengal,Purba Medinipur,Potashpur - I
West Bengal,Purba Medinipur,Potashpur - II
Telangana,Nizamabad,Pothangal
Bihar,Kishanganj,Pothia
Jharkhand,East Singhbum,Potka
Odisha,Koraput,Pottangi
Madhya Pradesh,Jabalpur,Pounda
Chhattisgarh,Korba,Poundi-Uproda
Jammu And Kashmir,Reasi,Pouni
Uttar Pradesh,Shahjahanpur,Powayan
Madhya Pradesh,Betul,Prabhatpttan
Himachal Pradesh,Kangra,Pragpur
Bihar,Katihar,Pranpur
Gujarat,Sabar Kantha,Prantij
Bihar,Supaul,Pratapganj
Rajasthan,Alwar,Pratapgarh
Rajasthan,Pratapgarh,Pratapgarh
Uttar Pradesh,Pratapgarh,Pratapgarh
Uttarakhand,Tehri Garhwal,Pratapnagar
Haryana,Yamunanagar,Pratap Nagar St
Chhattisgarh,Surajpur,Pratappur
Jharkhand,Chatra,Pratappur
Andhra Pradesh,Kakinada,Prathipadu
Andhra Pradesh,Guntur,Prathipadu
Chhattisgarh,Surajpur,Premnagar
Madhya Pradesh,Niwari,Prithvipur
Andhra Pradesh,Y.S.R. Kadapa,Proddutur
Assam,Darrang,Pub Mangaldai
Arunachal Pradesh,Kamle,Puchi Geko Circle
Puducherry,Puducherry,Puducherry
Tamil Nadu,Pudukkottai,Pudukkottai
Telangana,Vikarabad,Pudur
Tamil Nadu,Karur,Pugalur
Nagaland,Zunheboto,Pughoboto
Odisha,Balangir,Puintala
Himachal Pradesh,Chamba,Pukhri
Andhra Pradesh,Chittoor,Pulicherla
Andhra Pradesh,Y.S.R. Kadapa,Pulivendula
Telangana,Sangareddy,Pulkal
Uttarakhand,Champawat,Pulla Gumdesh
Andhra Pradesh,Markapuram,Pullalacheruvu
Andhra Pradesh,Tirupati,Pullampeta
Jammu And Kashmir,Pulwama,Pulwama
Arunachal Pradesh,Longding,Pumao Circle
Gujarat,Surat,Puna
Haryana,Nuh,Punahana
Kerala,Kollam,Punalur
Madhya Pradesh,Khandwa (East Nimar),Punasa
West Bengal,Purulia,Puncha
Maharashtra,Pune,Pune City
Andhra Pradesh,Annamayya,Punganuru
Nagaland,Kiphire,Pungro
Bihar,Patna,Punpun
Bihar,Sitamarhi,Pupri
Bihar,Madhepura,Puraini
Meghalaya,South West Garo Hills,Purakhasia
Maharashtra,Pune,Purandhar
Uttar Pradesh,Pilibhit,Puranpur
Tamil Nadu,Chennai,Purasawalkam
Uttarakhand,Uttarkashi,Puraula
West Bengal,Purba Bardhaman,Purbasthali - I
West Bengal,Purba Bardhaman,Purbasthali - II
Jharkhand,Dhanbad,Purbi Tundi*
Odisha,Puri,Puri
Maharashtra,Parbhani,Purna
Bihar,Sheohar,Purnahiya
Bihar,Purnia,Purnia East
West Bengal,Hooghly,Pursura
Manipur,Senapati,Purul
West Bengal,Purulia,Purulia - I
West Bengal,Purulia,Purulia - II
Odisha,Ganjam,Purushottampur
Uttar Pradesh,Unnao,Purwa
Bihar,Samastipur,Pusa
Maharashtra,Yavatmal,Pusad
Rajasthan,Ajmer,Pushkar
Madhya Pradesh,Anuppur,Pushparajgarh
Chhattisgarh,Raigarh,Pusour
Andhra Pradesh,Chittoor,Puthalapattu
Andhra Pradesh,Ananthapuramu,Putlur
Andhra Pradesh,Sri Sathya Sai,Puttaparthy
Karnataka,Dakshina Kannada,Puttur
Andhra Pradesh,Tirupati,Puttur
Meghalaya,East Khasi Hills,Pynursla
Jammu And Kashmir,Kupwara,Qalamabad
Jammu And Kashmir,Kupwara,Qaziabad (Kralgund)
Jammu And Kashmir,Anantnag,Qazigund
Jammu And Kashmir,Rajouri,Qila Darhal
Jammu And Kashmir,Kulgam,Qoimoh
Goa,Kushavati,Quepem
Telangana,Medchal Malkajgiri,Qutballapur
Gujarat,Vav-Tharad,Raah
Karnataka,Bagalkote,Rabakavi Banahatti
Sikkim,Gangtok,Rabdang
Andhra Pradesh,Markapuram,Racherla
Haryana,Yamunanagar,Radaur
Maharashtra,Kolhapur,Radhanagari
Gujarat,Patan,Radhanpur
Tamil Nadu,Tirunelveli,Radhapuram
Uttar Pradesh,Rae Bareli,Rae Bareli
Jammu And Kashmir,Baramulla,Rafiabad
Bihar,Aurangabad,Rafiganj
Arunachal Pradesh,Kamle,Raga Adc
Madhya Pradesh,Guna,Raghogarh
Bihar,Supaul,Raghopur
Bihar,Vaishali,Raghopur
Telangana,Khammam,Raghunadhapalem
Odisha,Jagatsinghapur,Raghunathapur
West Bengal,Murshidabad,Raghunathganj - I
West Bengal,Murshidabad,Raghunathganj - II
Chhattisgarh,Balrampur-Ramanujganj,Raghunathnagar
Bihar,Siwan,Raghunathpur
West Bengal,Purulia,Raghunathpur - I
West Bengal,Purulia,Raghunathpur - II
Madhya Pradesh,Satna,Raghurajnagar (Nagriya)
Telangana,Jangoan,Ragunathpally
Assam,Nagaon,Raha
Madhya Pradesh,Sagar,Rahatgarh
Jharkhand,Ranchi,Rahe
Maharashtra,Ahilyanagar,Rahta
Bihar,Nalanda,Rahui
Maharashtra,Ahilyanagar,Rahuri
Rajasthan,Dausa,Rahuwas
Karnataka,Raichur,Raichur
Jharkhand,Gumla,Raidih
West Bengal,Uttar Dinajpur,Raiganj
Chhattisgarh,Raigarh,Raigarh
Odisha,Nabarangpur,Raighar
Telangana,Jagitial,Raikal
Odisha,Kandhamal,Raikia
Telangana,Sangareddy,Raikode
Punjab,Ludhiana,Raikot
Rajasthan,Rajsamand,Railmagra
West Bengal,Purba Bardhaman,Raina - I
West Bengal,Purba Bardhaman,Raina - II
Telangana,Siddipet,Raipole
Rajasthan,Bhilwara,Raipur
West Bengal,Bankura,Raipur
Chhattisgarh,Raipur,Raipur
Rajasthan,Jhalawar,Raipur
Rajasthan,Beawar,Raipur
Madhya Pradesh,Panna,Raipura
Madhya Pradesh,Rewa,Raipur Karchuliyan
Haryana,Panchkula,Raipur Rani
Odisha,Sambalpur,Rairakhol
Odisha,Mayurbhanj,Rairangpur
Madhya Pradesh,Raisen,Raisen
Rajasthan,Ganganagar,Raisinghnagar
Haryana,Sonipat,Rai St
Rajasthan,Bundi,Raithal
Odisha,Sundargarh,Rajagangapur
Himachal Pradesh,Kangra,Raja Ka Talab
Rajasthan,Dholpur,Rajakhera
Rajasthan,Churu,Rajaldesar
Andhra Pradesh,Vizianagaram,Rajam
Andhra Pradesh,East Godavari,Rajamahendravaram Rural
Andhra Pradesh,East Godavari,Rajamahendravaram Urban
Andhra Pradesh,Y.S.R. Kadapa,Rajampet
Telangana,Kamareddy,Rajampet
Andhra Pradesh,East Godavari,Rajanagaram
Bihar,Vaishali,Raja Pakar
Tamil Nadu,Virudhunagar,Rajapalayam
Telangana,Yadadri Bhuvanagiri,Rajapeta
Telangana,Mahabubnagar,Rajapur
Maharashtra,Ratnagiri,Rajapur
Uttar Pradesh,Chitrakoot,Rajapur
West Bengal,North 24 Parganas,Rajarhat
Tamil Nadu,Ramanathapuram,Rajasingamangalam
Uttar Pradesh,Varanasi,Rajatalab
Bihar,Nawada,Rajauli
Bihar,Banka,Rajaun
Haryana,Kaithal,Rajaund St
Andhra Pradesh,Polavaram,Rajavommangi
Telangana,Ranga Reddy,Rajendranagar
West Bengal,Jalpaiguri,Rajganj
Himachal Pradesh,Sirmaur,Rajgarh
Jammu And Kashmir,Ramban,Rajgarh
Madhya Pradesh,Rajgarh,Rajgarh
Rajasthan,Churu,Rajgarh
Rajasthan,Alwar,Rajgarh
Uttarakhand,Uttarkashi,Rajgarhi
Bihar,Nalanda,Rajgir
Chhattisgarh,Gariyaband,Rajim
Odisha,Kendrapara,Rajkanika
Gujarat,Rajkot,Rajkot
Gujarat,Rajkot,Rajkot East
Gujarat,Rajkot,Rajkot South
Gujarat,Rajkot,Rajkot West
Jharkhand,Sahebganj,Rajmahal
Madhya Pradesh,Chhatarpur,Rajnagar
West Bengal,Birbhum,Rajnagar
Odisha,Kendrapara,Rajnagar
Bihar,Madhubani,Rajnagar
Chhattisgarh,Rajnandgaon,Rajnandgaon
Telangana,Jogulamba Gadwal,Rajoli
Jammu And Kashmir,Rajouri,Rajouri
Delhi,West,Rajouri Garden
Jammu And Kashmir,Pulwama,Rajpora
Madhya Pradesh,Barwani,Rajpur
Bihar,Buxar,Rajpur
Bihar,Rohtas,Rajpur
Chhattisgarh,Balrampur-Ramanujganj,Rajpur
Jammu And Kashmir,Samba,Rajpura
Punjab,Patiala,Rajpura
Rajasthan,Rajsamand,Rajsamand
Gujarat,Amreli,Rajula
Andhra Pradesh,Palnadu,Rajupalem
Andhra Pradesh,Y.S.R. Kadapa,Rajupalem
Maharashtra,Chandrapur,Rajura
Himachal Pradesh,Kangra,Rakkar
Nagaland,Wokha,Ralan
Maharashtra,Yavatmal,Ralegaon
Madhya Pradesh,Jhabua,Rama
Andhra Pradesh,Vizianagaram,Ramabhadrapuram
Andhra Pradesh,Dr. B.R. Ambedkar Konaseema,Ramachandrapuram
Andhra Pradesh,Tirupati,Ramachandrapuram
Telangana,Karimnagar,Ramadugu
Telangana,Peddapalli,Ramagiri
Andhra Pradesh,Sri Sathya Sai,Ramagiri
Telangana,Peddapalli,Ramagundam
Andhra Pradesh,Chittoor,Ramakuppam
Karnataka,Bengaluru South,Ramanagara
Odisha,Rayagada,Ramanaguda
Tamil Nadu,Ramanathapuram,Ramanathapuram
Telangana,Yadadri Bhuvanagiri,Ramannapet
Chhattisgarh,Balrampur-Ramanujganj,Ramanujganj
Chhattisgarh,Surajpur,Ramanujnagar
Andhra Pradesh,Annamayya,Ramapuram
Telangana,Kamareddy,Ramareddy
Andhra Pradesh,Annamayya,Ramasamudram
Telangana,Medak,Ramayampet
Jammu And Kashmir,Ramban,Ramban
Andhra Pradesh,Anakapalli,Rambilli
Meghalaya,West Khasi Hills,Rambrai
Chhattisgarh,Balrampur-Ramanujganj,Ramchandrapur
Telangana,Sangareddy,Ramchandrapuram
Karnataka,Belagavi,Ramdurg
Tamil Nadu,Ramanathapuram,Rameswaram
Rajasthan,Kota,Ramganj Mandi
Jammu And Kashmir,Samba,Ramgarh
Jharkhand,Dumka,Ramgarh
Rajasthan,Jaisalmer,Ramgarh
Jharkhand,Ramgarh,Ramgarh
Rajasthan,Alwar,Ramgarh
Uttarakhand,Nainital,Ramgarh
Bihar,Kaimur (Bhabua),Ramgarh
Jharkhand,Palamu,Ramgarh
Bihar,Lakhisarai,Ramgarh Chowk
Rajasthan,Dausa,Ramgarh Pachwara
Rajasthan,Sikar,Ramgarh Shekhawati
Bihar,Purbi Champaran,Ramgarhwa
Jammu And Kashmir,Kupwara,Ramhal (Tarathpora)
Jharkhand,Garhwa,Ramkanda
Jammu And Kashmir,Kathua,Ramkote
Assam,Sribhumi,Ramkrishna Nagar
Jharkhand,Garhwa,Ramna
Jammu And Kashmir,Udhampur,Ramnagar
Bihar,Pashchim Champaran,Ramnagar
Madhya Pradesh,Maihar,Ramnagar
Uttarakhand,Nainital,Ramnagar
Uttar Pradesh,Bara Banki,Ramnagar
West Bengal,Purba Medinipur,Ramnagar - I
West Bengal,Purba Medinipur,Ramnagar - II
Andhra Pradesh,Polavaram,Rampachodavaram
Odisha,Sonepur,Rampur
Bihar,Kaimur (Bhabua),Rampur
Uttar Pradesh,Rampur,Rampur
Himachal Pradesh,Shimla,Rampur
Madhya Pradesh,Neemuch,Rampura
Rajasthan,Jaipur,Rampura Dabri
Punjab,Bathinda,Rampura Phul
Madhya Pradesh,Satna,Rampur Baghelan
West Bengal,Birbhum,Rampurhat - I
West Bengal,Birbhum,Rampurhat - II
Uttar Pradesh,Saharanpur,Rampur Maniharan
Madhya Pradesh,Sidhi,Rampur Naikin
Uttar Pradesh,Bara Banki,Ramsanehighat
Rajasthan,Barmer,Ramsar
Himachal Pradesh,Solan,Ramshahr
Jammu And Kashmir,Ramban,Ramsoo
Maharashtra,Nagpur,Ramtek
West Bengal,Nadia,Ranaghat - I
West Bengal,Nadia,Ranaghat - II
Odisha,Nayagarh,Ranapur
Madhya Pradesh,Jhabua,Ranapur
Andhra Pradesh,Srikakulam,Ranastalam
Gujarat,Porbandar,Ranavav
Andhra Pradesh,East Godavari,Rangampeta
Andaman And Nicobar Islands,North And Middle Andaman,Rangat
Assam,Kamrup,Rangia
Assam,Goalpara,Rangjuli
West Bengal,Darjeeling,Rangli Rangliot
Sikkim,Pakyong,Rangpo
Bihar,Bhagalpur,Rangra Chowk
Rajasthan,Pali,Rani
Haryana,Sirsa,Rania
Jharkhand,Khunti,Rania
West Bengal,Bankura,Ranibandh
Karnataka,Haveri,Ranibennur
Bihar,Araria,Raniganj
West Bengal,Paschim Bardhaman,Raniganj
Uttar Pradesh,Pratapgarh,Raniganj
Uttarakhand,Almora,Ranikhet
Meghalaya,South West Khasi Hills,Ranikor
West Bengal,Murshidabad,Raninagar - I
West Bengal,Murshidabad,Raninagar - II
Jharkhand,Dumka,Ranishwar
Rajasthan,Jalore,Raniwara
Madhya Pradesh,Jabalpur,Ranjhi
Jharkhand,Garhwa,Ranka
Kerala,Pathanamthitta,Ranni
Madhya Pradesh,Shivpuri,Rannod
Gujarat,Botad,Ranpur
Madhya Pradesh,Ratlam,Raoti
Gujarat,Kachchh,Rapar
Andhra Pradesh,Ananthapuramu,Rapthadu
Andhra Pradesh,Sri Potti Sriramulu Nellore,Rapur
Rajasthan,Deeg,Rarah
Odisha,Mayurbhanj,Raruan
Odisha,Mayurbhanj,Rasgobindpur
Rajasthan,Chittorgarh,Rashmi
Tamil Nadu,Namakkal,Rasipuram
Uttar Pradesh,Ballia,Rasra
Uttar Pradesh,Kanpur Dehat,Rasulabad
Odisha,Jajpur,Rasulpur
Rajasthan,Churu,Ratangarh
Chhattisgarh,Bilaspur,Ratanpur
Uttar Pradesh,Hamirpur,Rath
Haryana,Fatehabad,Ratia
Madhya Pradesh,Ratlam,Ratlam
Madhya Pradesh,Ratlam,Ratlam Nagar
Maharashtra,Ratnagiri,Ratnagiri
Bihar,Jehanabad,Ratni Faridpur
Karnataka,Haveri,Rattihalli
Jharkhand,Ranchi,Ratu
West Bengal,Malda,Ratua - I
West Bengal,Malda,Ratua - II
Madhya Pradesh,Indore,Rau
Sikkim,Namchi,Ravangla
Maharashtra,Jalgaon,Raver
Andhra Pradesh,Anakapalli,Ravikamatham
Andhra Pradesh,Dr. B.R. Ambedkar Konaseema,Ravulapalem
Rajasthan,Chittorgarh,Rawatbhata
Rajasthan,Hanumangarh,Rawatsar
Rajasthan,Ganganagar,Rawla
Bihar,Purbi Champaran,Raxaul
Andhra Pradesh,Annamayya,Rayachoti
Andhra Pradesh,Ananthapuramu,Rayadurg
Odisha,Gajapati,Rayagada
Odisha,Rayagada,Rayagada
Telangana,Warangal,Rayaparthy
Andhra Pradesh,East Godavari,Rayavaram
Karnataka,Belagavi,Raybag
Nagaland,Phek,Razieba
Andhra Pradesh,Dr. B.R. Ambedkar Konaseema,Razole
Odisha,Deogarh,Reamal
Jammu And Kashmir,Reasi,Reasi
Telangana,Kumuram Bheem Asifabad,Rebbena
Arunachal Pradesh,Siang,Rebo Perging Circle
Andhra Pradesh,Ntr,Reddigudem
Rajasthan,Sikar,Reengus
Andhra Pradesh,Vizianagaram,Regidi Amadalavalasa
Telangana,Medak,Regode
Telangana,Jayashankar Bhupalapally,Regonda
Madhya Pradesh,Harda,Rehatgaon
Madhya Pradesh,Sagar,Rehli
Madhya Pradesh,Sehore,Rehti
Mizoram,Mamit,Reiek
Odisha,Balasore,Remuna
Maharashtra,Latur,Renapur
Chhattisgarh,Kabeerdham,Rengakharkala
Odisha,Sambalpur,Rengali
Rajasthan,Alwar,Reni
Andhra Pradesh,Tirupati,Renigunta
Telangana,Nizamabad,Renjal
Andhra Pradesh,Palnadu,Rentachintala
Himachal Pradesh,Sirmaur,Renuka
Arunachal Pradesh,Changlang,Renuk Circle
Rajasthan,Sirohi,Reodar
Andhra Pradesh,Bapatla,Repalle
Meghalaya,South West Garo Hills,Rerapara
Meghalaya,North Garo Hills,Resubelpara
Telangana,Wanaparthy,Revally
Bihar,Saran,Revelganj
Himachal Pradesh,Mandi,Rewalsar
Haryana,Rewari,Rewari
Himachal Pradesh,Kangra,Rey
Arunachal Pradesh,East Kameng,Richukrong Circle
Bihar,Sitamarhi,Riga
Arunachal Pradesh,Siang,Riga Eac
Uttarakhand,Pauri Garhwal,Rikhanikhal
Meghalaya,West Khasi Hills,Ri Muliang
Rajasthan,Udaipur,Rishabhdeo
Uttarakhand,Dehradun,Rishikesh
Maharashtra,Washim,Risod
Madhya Pradesh,Katni,Rithi
Rajasthan,Nagaur,Riyan Bari
Tamil Nadu,Thiruvallur,R K Pet
Uttar Pradesh,Sonbhadra,Robertsganj
Andhra Pradesh,Sri Sathya Sai,Roddam
Bihar,Nawada,Roh
Maharashtra,Raigad,Roha
Rajasthan,Pali,Rohat
Delhi,North West,Rohini
Himachal Pradesh,Shimla,Rohru
Haryana,Rohtak,Rohtak
Bihar,Rohtas,Rohtas
Arunachal Pradesh,Lower Dibang Valley,Roing Hq
Andhra Pradesh,Sri Sathya Sai,Rolla
Andhra Pradesh,Anakapalli,Rolugunta
Andhra Pradesh,Palnadu,Rompicharla
Andhra Pradesh,Chittoor,Rompicherla
Madhya Pradesh,Bhind,Ron
Karnataka,Gadag,Ron
Meghalaya,South Garo Hills,Rongara
Sikkim,Pakyong,Rongli
Meghalaya,West Garo Hills,Rongram
Himachal Pradesh,Sirmaur,Ronhat
Rajasthan,Ajmer,Roopangarh
Uttarakhand,Haridwar,Roorkee
Bihar,Samastipur,Rosera
Odisha,Sundargarh,Rourkela
Andhra Pradesh,Kakinada,Rowthulapudi
Jammu And Kashmir,Jammu,R. S. Pura
Uttar Pradesh,Ayodhya,Rudauli
Rajasthan,Bharatpur,Rudawal
Odisha,Gajapati,R.Udayagiri
Uttar Pradesh,Basti,Rudhauli
Telangana,Rajanna Sircilla,Rudrangi
Uttarakhand,Rudraprayag,Rudraprayag
Uttar Pradesh,Deoria,Rudrapur
Uttarakhand,Udham Singh Nagar,Rudrapur
Andhra Pradesh,Nandyal,Rudravaram
Telangana,Nizamabad,Rudrur
Arunachal Pradesh,East Siang,Ruksin Adc
Arunachal Pradesh,Siang,Rumgong Adc
Bihar,Sitamarhi,Runisaidpur
Assam,Nagaon,Rupahi
Arunachal Pradesh,West Kameng,Rupa Sdo
Bihar,Purnia,Rupauli
Rajasthan,Bharatpur,Rupbas
Punjab,Rupnagar,Rup Nagar
Himachal Pradesh,Chamba,Saach
Madhya Pradesh,Morena,Sabalgarh
West Bengal,Paschim Medinipur,Sabang
Gujarat,Ahmedabad,Sabarmati
Andhra Pradesh,Anakapalli,Sabbavaram
Rajasthan,Dungarpur,Sabla
Bihar,Bhagalpur,Sabour
Tripura,South Tripura,Sabroom
Uttar Pradesh,Hathras,Sadabad
Maharashtra,Gondia,Sadak-Arjuni
Uttar Pradesh,Lucknow,Sadar
Tripura,West Tripura,Sadar
Delhi,Old Delhi,Sadar Bazar
Telangana,Kamareddy,Sadashivanagar
Telangana,Sangareddy,Sadasivpet
Haryana,Yamunanagar,Sadhaura St
Assam,Tinsukia,Sadiya
Rajasthan,Ganganagar,Sadulshahar
Himachal Pradesh,Kangra,Sadwan
Haryana,Jind,Safidon
Uttar Pradesh,Unnao,Safipur
Arunachal Pradesh,Papum Pare,Sagalee Adc
West Bengal,South 24 Parganas,Sagar
Karnataka,Shivamogga,Sagar
Madhya Pradesh,Sagar,Sagar
West Bengal,Murshidabad,Sagardighi
Madhya Pradesh,Sagar,Sagar Nagar
Gujarat,Narmada,Sagbara
Jharkhand,Garhwa,Sagma
Arunachal Pradesh,Leparada,Sago
Uttar Pradesh,Azamgarh,Sagri
Rajasthan,Dungarpur,Sagwara
Manipur,Kamjong,Sahamphung
Bihar,Bhojpur,Sahar
Rajasthan,Bhilwara,Sahara
Uttar Pradesh,Saharanpur,Saharanpur
Odisha,Keonjhar,Saharapada
Chhattisgarh,Kabeerdham,Sahaspur Lohara
Haryana,Ambala,Saha St
Uttar Pradesh,Budaun,Sahaswan
Uttar Pradesh,Kasganj,Sahawar
Bihar,Vaishali,Sahdai Buzurg
Bihar,Muzaffarpur,Sahebganj
Bihar,Begusarai,Sahebpur Kamal
Jharkhand,Sahebganj,Sahibganj
West Bengal,Purba Medinipur,Sahid Matangini
Uttar Pradesh,Gorakhpur,Sahjanwa
Himachal Pradesh,Chamba,Saho
Telangana,Hyderabad,Saidabad
Uttar Pradesh,Ghazipur,Saidpur
Uttar Pradesh,Etawah,Saifai
Madhya Pradesh,Narsimhapur,Saikheda
Manipur,Churachandpur,Saikot
Manipur,Kangpokpi,Saikul
Madhya Pradesh,Ratlam,Sailana
Himachal Pradesh,Kullu,Sainj
Odisha,Balangir,Saintala
Rajasthan,Dausa,Sainthal
West Bengal,Birbhum,Sainthia
Meghalaya,East Jaintia Hills,Saipung
Manipur,Kangpokpi,Saitu-Gamphazol
Chhattisgarh,Bemetara,Saja
Rajasthan,Banswara,Sajjangarh
Uttar Pradesh,Chandauli,Sakaldiha
Andhra Pradesh,Dr. B.R. Ambedkar Konaseema,Sakhinetipalli
Karnataka,Hassan,Sakleshpur
Chhattisgarh,Gaurela-Pendra-Marwahi,Sakola
Maharashtra,Bhandara,Sakoli
Bihar,Muzaffarpur,Sakra
Nagaland,Phek,Sakraba
Maharashtra,Dhule,Sakri
Nagaland,Longleng,Sakshi
Chhattisgarh,Sakti,Sakti
West Bengal,Paschim Bardhaman,Salanpur
West Bengal,Paschim Medinipur,Salbani
Goa,South Goa,Salcete
Maharashtra,Gondia,Salekasa
Tamil Nadu,Salem,Salem
Uttar Pradesh,Deoria,Salempur
Tamil Nadu,Salem,Salem South
Tamil Nadu,Salem,Salem West
Haryana,Jhajjar,Salhawas St
Chhattisgarh,Khairagarh-Chhuikhadan-Gandai,Salhewara
Karnataka,Mysuru,Saligrama
Odisha,Cuttack,Salipur
Bihar,Saharsa,Salkhua
Jammu And Kashmir,Anantnag,Sallar
Uttar Pradesh,Rae Bareli,Salon
Telangana,Nizamabad,Saloora
West Bengal,Bankura,Saltora
Rajasthan,Salumbar,Salumbar
Himachal Pradesh,Chamba,Saluni
Andhra Pradesh,Parvathipuram Manyam,Salur
Rajasthan,Jaisalmer,Sam
Assam,Nagaon,Samaguri
Haryana,Panipat,Samalkha
Andhra Pradesh,Kakinada,Samalkota
Punjab,Patiala,Samana
Meghalaya,East Garo Hills,Samanda
Bihar,Samastipur,Samastipur
Jammu And Kashmir,Samba,Samba
Odisha,Sambalpur,Sambalpur
Andhra Pradesh,Annamayya,Sambepalle
Uttar Pradesh,Sambhal,Sambhal
Rajasthan,Balotra,Samdari
Bihar,Katihar,Sameli
Gujarat,Patan,Sami
Bihar,Patna,Sampatchak
Haryana,Rohtak,Sampla
Punjab,Ludhiana,Samrala
Chhattisgarh,Balrampur-Ramanujganj,Samri
West Bengal,Murshidabad,Samserganj
Maharashtra,Wardha,Samudrapur
Manipur,Churachandpur,Samulamlan
Odisha,Ganjam,Sanakhemundi
Gujarat,Ahmedabad,Sanand
Madhya Pradesh,Khargone (West Nimar),Sanawad
Rajasthan,Jalore,Sanchore
Bihar,Bhojpur,Sandesh
West Bengal,North 24 Parganas,Sandeshkhali - I
West Bengal,North 24 Parganas,Sandeshkhali - II
Himachal Pradesh,Mandi,Sandhol
Uttar Pradesh,Hardoi,Sandila
Karnataka,Ballari,Sandur
Manipur,Churachandpur,Sangaikot
Andhra Pradesh,Sri Potti Sriramulu Nellore,Sangam
Maharashtra,Ratnagiri,Sangameshwar
Maharashtra,Ahilyanagar,Sangamner
Rajasthan,Jaipur,Sanganer
Telangana,Sangareddy,Sangareddy
Rajasthan,Hanumangarh,Sangaria
Mizoram,Lawngtlai,Sangau
Arunachal Pradesh,Papum Pare,Sangdupota Basar Nello Circle
Telangana,Warangal,Sangem
Himachal Pradesh,Kinnaur,Sangla
Rajasthan,Kota,Sangod
Maharashtra,Solapur,Sangole
Bihar,Munger,Sangrampur
Maharashtra,Buldhana,Sangrampur
Bihar,Purbi Champaran,Sangrampur
Arunachal Pradesh,Kurung Kumey,Sangram Sdo
Punjab,Sangrur,Sangrur
Nagaland,Tuensang,Sangsangnyu
Goa,Kushavati,Sanguem
Nagaland,Wokha,Sanis
Andhra Pradesh,Nandyal,Sanjamala
Gujarat,Dahod,Sanjeli
Bihar,Rohtas,Sanjhauli
Rajasthan,Nagaur,Sanjoo
Tamil Nadu,Tenkasi,Sankarankoil
Tamil Nadu,Kallakurichi,Sankarapuram
Chhattisgarh,Bilaspur,Sankari
Uttarakhand,Uttarkashi,Sankari
Tamil Nadu,Salem,Sankari
Andhra Pradesh,Kakinada,Sankhavaram
Gujarat,Chhotaudepur,Sankheda
Ladakh,Kargil,Sankoo
West Bengal,Howrah,Sankrail
West Bengal,Jhargram,Sankrail
Chhattisgarh,Jashpur,Sanna
Gujarat,Patan,Santalpur
Andhra Pradesh,Srikakulam,Santhabommali
Andhra Pradesh,Vizianagaram,Santhakaviti
Andhra Pradesh,Prakasam,Santhamaguluru
Andhra Pradesh,Prakasam,Santhanuthala Padu
Andhra Pradesh,Chittoor,Santhipuram
West Bengal,Nadia,Santipur
Tripura,South Tripura,Santirbazar
Gujarat,Mahisagar,Santrampur
West Bengal,Purulia,Santuri
Madhya Pradesh,Indore,Sanwer
Assam,Charaideo,Sapekhati
Rajasthan,Karauli,Sapotra
Nagaland,Zunheboto,Saptiqa
Rajasthan,Salumbar,Sarada
Chhattisgarh,Janjgir-Champa,Saragaon
Karnataka,Mysuru,Saraguru
Himachal Pradesh,Shimla,Sarahan
Madhya Pradesh,Singrauli,Sarai
Bihar,Supaul,Saraigarh Bhaptiyahi
Jharkhand,Saraikela Kharsawan,Saraikela
Chhattisgarh,Mahasamund,Saraipali
Bihar,Samastipur,Sarairanjan
Bihar,Muzaffarpur,Saraiya
Jharkhand,Dumka,Saraiyahat
Telangana,Nirmal,Sarangapur
Telangana,Jagitial,Sarangapur
Chhattisgarh,Sarangarh-Bilaigarh,Sarangarh
Madhya Pradesh,Rajgarh,Sarangpur
Odisha,Mayurbhanj,Saraskana
Gujarat,Patan,Saraswati
Haryana,Yamunanagar,Saraswati Nagar St
Jharkhand,Deoghar,Sarath
Andhra Pradesh,Srikakulam,Saravakota
Himachal Pradesh,Shimla,Sarawati Nagar
Rajasthan,Rajsamand,Sardargarh
Madhya Pradesh,Dhar,Sardarpur
Rajasthan,Churu,Sardarshahar
Uttar Pradesh,Meerut,Sardhana
Punjab,Mansa,Sardulgarh
West Bengal,Bankura,Sarenga
Chhattisgarh,Mungeli,Sargaon
Uttar Pradesh,Hamirpur,Sarila
Chhattisgarh,Sarangarh-Bilaigarh,Sariya
Himachal Pradesh,Mandi,Sarkaghat
Arunachal Pradesh,Kurung Kumey,Sarli Circle
Rajasthan,Dholpur,Sarmathura
Bihar,Nalanda,Sarmera
Uttar Pradesh,Lucknow,Sarojani Nagar
Chhattisgarh,Uttar Bastar Kanker,Sarona
Telangana,Ranga Reddy,Saroornagar
Chhattisgarh,Sarangarh-Bilaigarh,Sarsiwa
Assam,Barpeta,Sarthebari
Andhra Pradesh,Srikakulam,Sarubujjili
Assam,Golaghat,Sarupathar
Assam,Bajali,Sarupeta (Pt)
Jharkhand,Deoghar,Sarwan
Rajasthan,Ajmer,Sarwar
Bihar,Rohtas,Sasaram
Punjab,S.A.S Nagar,Sas Nagar (Mohali)
Uttar Pradesh,Hathras,Sasni
Ladakh,Leh Ladakh,Saspol
Madhya Pradesh,Chhatarpur,Satai
Nagaland,Zunheboto,Satakha
Maharashtra,Satara,Satara
Goa,North Goa,Satari
Bihar,Saharsa,Satar Kataiya
Jharkhand,Palamu,Satbarwa
Jharkhand,Koderma,Satgawan
Gujarat,Arvalli,Sathamba
Tamil Nadu,Thoothukkudi,Sathankulam
Telangana,Adilabad,Sathnala
Telangana,Khammam,Sathupalli
Tamil Nadu,Erode,Sathyamangalam
Gujarat,Mahesana,Satlasana
Haryana,Mahendragarh,Satnali St
Nagaland,Zunheboto,Satoi
Uttarakhand,Pauri Garhwal,Satpuli
Andhra Pradesh,Palnadu,Sattenapalli
Tamil Nadu,Virudhunagar,Sattur
Madhya Pradesh,Dewas,Satwas
Odisha,Puri,Satyabadi
Andhra Pradesh,Tirupati,Satyavedu
Bihar,Saharsa,Saur Bazar
Madhya Pradesh,Pandhurna,Sausar
Karnataka,Belagavi,Savadatti
Andhra Pradesh,Palnadu,Savalyapuram H/O Kanamarlapudi
Karnataka,Haveri,Savanur
Gujarat,Amreli,Savar Kundla
Gujarat,Vadodara,Savli
Maharashtra,Nagpur,Savner
Arunachal Pradesh,East Kameng,Sawa Circle
Rajasthan,Sawai Madhopur,Sawai Madhopur
Maharashtra,Chandrapur,Sawali
Maharashtra,Sindhudurg,Sawantwadi
Rajasthan,Ajmer,Sawar
Uttar Pradesh,Hardoi,Sawayajpur
Manipur,Imphal East,Sawombung
Rajasthan,Jalore,Sayla
Gujarat,Surendranagar,Sayla
Rajasthan,Udaipur,Sayra
Nagaland,Kohima,Sechu-Zubza
Telangana,Hyderabad,Secunderabad
Karnataka,Kalaburagi,Sedam
Rajasthan,Barmer,Sedwa
Chhattisgarh,Bilaspur,Seepat
Telangana,Mahabubabad,Seerole
Andhra Pradesh,Visakhapatnam,Seethammadhara
Andhra Pradesh,Parvathipuram Manyam,Seethampeta
Andhra Pradesh,Parvathipuram Manyam,Seethanagaram
Andhra Pradesh,East Godavari,Seethanagaram
Andhra Pradesh,Sri Potti Sriramulu Nellore,Seetharamapuram
Madhya Pradesh,Khargone (West Nimar),Segaon
Arunachal Pradesh,Upper Subansiri,Segi Gusar Circle
Madhya Pradesh,Sehore,Sehore
Madhya Pradesh,Sehore,Sehore Nagar
Arunachal Pradesh,Pakke Kessang,Seijosa Adc
Rajasthan,Jodhpur,Sekhala
Nagaland,Phek,Sekruzu
Maharashtra,Wardha,Seloo
Meghalaya,West Garo Hills,Selsella
Maharashtra,Parbhani,Selu
Rajasthan,Salumbar,Semari
Madhya Pradesh,Rewa,Semaria
Tamil Nadu,Namakkal,Sendamangalam
Madhya Pradesh,Barwani,Sendhwa
Tamil Nadu,Ariyalur,Sendurai
Maharashtra,Hingoli,Sengaon
Jharkhand,Lohardaga,Senha
Madhya Pradesh,Datia,Seondha
Madhya Pradesh,Seoni,Seoni
Madhya Pradesh,Narmadapuram,Seoni Malwa
Madhya Pradesh,Seoni,Seoni Nagar
Rajasthan,Dholpur,Sepau
Arunachal Pradesh,East Kameng,Seppa Hq
West Bengal,Hooghly,Serampur Uttarpara
Mizoram,Serchhip,Serchhip
Telangana,Ranga Reddy,Serilingampally
Rajasthan,Phalodi,Setrawa
Andhra Pradesh,Ananthapuramu,Settur
Uttar Pradesh,Ghazipur,Sewarai
Nagaland,Kiphire,Seyochung
Telangana,Ranga Reddy,Shabad
Madhya Pradesh,Ashoknagar,Shadhora
Uttar Pradesh,Rampur,Shahabad
Karnataka,Kalaburagi,Shahabad
Uttar Pradesh,Hardoi,Shahabad
Maharashtra,Nandurbar,Shahade
Maharashtra,Thane,Shahapur
Rajasthan,Baran,Shahbad
Haryana,Kurukshetra,Shahbad
Jammu And Kashmir,Anantnag,Shahbad Bala
Delhi,North East,Shahdara
Uttar Pradesh,Jaunpur,Shahganj
Madhya Pradesh,Sagar,Shahgarh
Uttar Pradesh,Shahjahanpur,Shahjahanpur
Punjab,Jalandhar,Shahkot
Bihar,Bhagalpur,Shahkund
Madhya Pradesh,Panna,Shahnagar
Jammu And Kashmir,Pulwama,Shahoora (Litter)
Himachal Pradesh,Kangra,Shahpur
Bihar,Bhojpur,Shahpur
Karnataka,Yadgir,Shahpur
Madhya Pradesh,Betul,Shahpur
Madhya Pradesh,Dindori,Shahpura
Madhya Pradesh,Jabalpur,Shahpura
Rajasthan,Jaipur,Shahpura
Rajasthan,Bhilwara,Shahpura
Maharashtra,Kolhapur,Shahuwadi
Haryana,Ambala,Shahzadpur St
Telangana,Hyderabad,Shaikpet
Madhya Pradesh,Shajapur,Shajapur
Ladakh,Kargil,Shakar Chiktan
Delhi,Central North,Shakur Basti
Telangana,Nalgonda,Shaligouraram
Jharkhand,Chatra,Shaligram Ram Narayanpur(Hunterganj)
Delhi,Central North,Shalimar Bagh
Meghalaya,West Khasi Hills,Shallang
Uttarakhand,Bageshwar,Shama
Odisha,Mayurbhanj,Shamakhunta
Nagaland,Shamator,Shamator
Bihar,Banka,Shambhuganj
Madhya Pradesh,Mandsaur,Shamgarh
Bihar,Begusarai,Shamho Akha Kurha
Telangana,Medchal Malkajgiri,Shamirpet
Gujarat,Arvalli,Shamlaji
Uttar Pradesh,Shamli,Shamli
Madhya Pradesh,Vidisha,Shamshabad
Telangana,Ranga Reddy,Shamshabad
Nagaland,Mon,Shangnyu
Jammu And Kashmir,Anantnag,Shangus
Telangana,Medak,Shankarampet (A)
Telangana,Medak,Shankarampet (R)
Telangana,Karimnagar,Shankarapatnam
Chhattisgarh,Balrampur-Ramanujganj,Shankargarh
Telangana,Ranga Reddy,Shankarpalle
Bihar,Madhepura,Shankarpur
Gujarat,Patan,Shankheshvar
Telangana,Hanumakonda,Shayampet
Maharashtra,Buldhana,Shegaon
Gujarat,Panch Mahals,Shehera
Bihar,Sheikhpura,Sheikhpura
Bihar,Sheikhpura,Shekhopur Sarai
Meghalaya,East Khasi Hills,Shella Bholaganj
Tamil Nadu,Tenkasi,Shenkottai
Rajasthan,Barmer,Sheo
Rajasthan,Sirohi,Sheoganj
Bihar,Sheohar,Sheohar
Madhya Pradesh,Sheopur,Sheopur
Bihar,Rohtas,Sheosagar
Odisha,Ganjam,Sheragada
Arunachal Pradesh,West Kameng,Shergaon Circle
Rajasthan,Jodhpur,Shergarh
Bihar,Gaya,Sherghati
Ladakh,Kargil,Shergole
Maharashtra,Ahilyanagar,Shevgaon
Karnataka,Haveri,Shiggaon
Jharkhand,Dumka,Shikaripara
Karnataka,Shivamogga,Shikarpur
Uttar Pradesh,Bulandshahr,Shikarpur
Uttar Pradesh,Firozabad,Shikohabad
Himachal Pradesh,Sirmaur,Shillai
Himachal Pradesh,Shimla,Shimla ( Rural )
Himachal Pradesh,Shimla,Shimla (Urban)
Karnataka,Gadag,Shirahatti
Maharashtra,Sangli,Shirala
Maharashtra,Kolhapur,Shirol
Maharashtra,Dhule,Shirpur
Maharashtra,Pune,Shirur
Maharashtra,Latur,Shirur Anantpal
Maharashtra,Beed,Shirur (Kasar)
Bihar,Samastipur,Shivaji Nagar
Karnataka,Shivamogga,Shivamogga
Telangana,Medak,Shivampet
Madhya Pradesh,Narmadapuram,Shivpur
Madhya Pradesh,Shivpuri,Shivpuri
Madhya Pradesh,Shivpuri,Shivpuri Nagar
Chhattisgarh,Janjgir-Champa,Shivrinarayan
Uttar Pradesh,Siddharthnagar,Shohratgarh
Tamil Nadu,Chennai,Sholinganallur
Tamil Nadu,Ranipet,Sholinghur
Tamil Nadu,Krishnagiri,Shoolagiri
Jammu And Kashmir,Shopian,Shopian
Karnataka,Yadgir,Shorapur
Maharashtra,Ahilyanagar,Shrigonda
Rajasthan,Sikar,Shrimadhopur
Rajasthan,Karauli,Shrimahaveer Ji
Maharashtra,Ahilyanagar,Shrirampur
Karnataka,Mandya,Shrirangapattana
Maharashtra,Raigad,Shrivardhan
Madhya Pradesh,Shajapur,Shujalpur
Madhya Pradesh,Sehore,Shyampur
West Bengal,Howrah,Shyampur - I
West Bengal,Howrah,Shyampur - II
Mizoram,Siaha,Siaha
Uttar Pradesh,Bulandshahr,Siana
Arunachal Pradesh,Lower Siang,Sibe Circle
Assam,Sivasagar,Sibsagar
Karnataka,Uttara Kannada,Siddapur
Telangana,Siddipet,Siddipet Rural
Telangana,Siddipet,Siddipet Urban
Uttar Pradesh,Sitapur,Sidhauli
Bihar,Pashchim Champaran,Sidhaw
Rajasthan,Churu,Sidhmukh
Andhra Pradesh,Y.S.R. Kadapa,Sidhout
Gujarat,Patan,Sidhpur
Bihar,Gopalganj,Sidhwalia
Karnataka,Chikkaballapura,Sidlaghatta
Assam,Chirang,Sidli (Pt)
Madhya Pradesh,Sidhi,Sihawal
Gujarat,Bhavnagar,Sihor
Madhya Pradesh,Jabalpur,Sihora
Himachal Pradesh,Chamba,Sihunta
Meghalaya,South Garo Hills,Siju
Uttar Pradesh,Ballia,Sikanderpur
Uttar Pradesh,Kanpur Dehat,Sikandra
Bihar,Jamui,Sikandra
Uttar Pradesh,Bulandshahr,Sikandrabad
Uttar Pradesh,Hathras,Sikandra Rao
Rajasthan,Sikar,Sikar
Rajasthan,Sikar,Sikar Gramin
Rajasthan,Dausa,Sikrai
Rajasthan,Deeg,Sikri
Bihar,Pashchim Champaran,Sikta
Bihar,Araria,Sikti
Bihar,Nalanda,Silao
Assam,Cachar,Silchar
Jharkhand,Ranchi,Silli
Maharashtra,Chhatrapati Sambhajinagar,Sillod
Assam,Karbi Anglong,Silonijan
Arunachal Pradesh,Papum Pare,Silsango Circle
Madhya Pradesh,Raisen,Silwani
Rajasthan,Dungarpur,Simalwara
Madhya Pradesh,Panna,Simaria
Jharkhand,Chatra,Simaria
Jharkhand,Simdega,Simdega
Chhattisgarh,Balodabazar-Bhatapara,Simga
Andhra Pradesh,Y.S.R. Kadapa,Simhadripuram
Odisha,Koraput,Similiguda
West Bengal,Bankura,Simlapal
Bihar,Buxar,Simri
Bihar,Saharsa,Simri Bakhtiarpur
Odisha,Balasore,Simulia
Odisha,Nuapada,Sinapali
Maharashtra,Chandrapur,Sindewahi
Karnataka,Vijayapura,Sindgi
Rajasthan,Balotra,Sindhari
Karnataka,Raichur,Sindhnur
Maharashtra,Dhule,Sindkhede
Maharashtra,Buldhana,Sindkhed Raja
Arunachal Pradesh,Upper Siang,Singa Circle
Tamil Nadu,Sivaganga,Singampunari
Andhra Pradesh,Ananthapuramu,Singanamala
Andhra Pradesh,Prakasam,Singarayakonda
Telangana,Khammam,Singareni
Arunachal Pradesh,West Kameng,Singchung Adc
Bihar,Madhepura,Singheshwar
Bihar,Samastipur,Singhia
Jammu And Kashmir,Baramulla,Singhpora
Bihar,Darbhanga,Singhwara
Manipur,Churachandpur,Singngat
Madhya Pradesh,Neemuch,Singoli
Madhya Pradesh,Singrauli,Singrauli
Madhya Pradesh,Singrauli,Singrauli Nagar
West Bengal,Hooghly,Singur
Gujarat,Dahod,Singvad
Maharashtra,Nashik,Sinnar
Gujarat,Vadodara,Sinor
Jammu And Kashmir,Rajouri,Siot
Assam,Darrang,Sipajhar
Karnataka,Tumakuru,Sira
Madhya Pradesh,Harda,Sirali
Uttar Pradesh,Kaushambi,Sirathu
Uttar Pradesh,Bara Banki,Sirauli Gauspur
Telangana,Rajanna Sircilla,Sircilla
Bihar,Nawada,Sirdala
Telangana,Sangareddy,Sirgapoor
Telangana,Adilabad,Sirikonda
Telangana,Nizamabad,Sirikonda
Tamil Nadu,Mayiladuthurai,Sirkali
Madhya Pradesh,Rewa,Sirmour
Rajasthan,Sirohi,Sirohi
Maharashtra,Gadchiroli,Sironcha
Madhya Pradesh,Vidisha,Sironj
Telangana,Kumuram Bheem Asifabad,Sirpur (T)
Telangana,Kumuram Bheem Asifabad,Sirpur U
Haryana,Sirsa,Sirsa
Uttar Pradesh,Firozabad,Sirsaganj
Karnataka,Uttara Kannada,Sirsi
Karnataka,Ballari,Siruguppa
Andhra Pradesh,Nandyal,Sirvel
Karnataka,Raichur,Sirwar
Jharkhand,Gumla,Sisai
Assam,Dhemaji,Sissibargaon
Bihar,Siwan,Siswan
West Bengal,Cooch Behar,Sitai
West Bengal,Cooch Behar,Sitalkuchi
Madhya Pradesh,Mandsaur,Sitamau
Chhattisgarh,Surguja,Sitapur
Uttar Pradesh,Sitapur,Sitapur
Uttarakhand,Udham Singh Nagar,Sitarganj
Nagaland,Kiphire,Sitimi
Tamil Nadu,Sivaganga,Sivaganga
Tamil Nadu,Tenkasi,Sivagiri
Tamil Nadu,Virudhunagar,Sivakasi
Bihar,Siwan,Siwan
Rajasthan,Balotra,Siwana
Haryana,Bhiwani,Siwani
Haryana,Kaithal,Siwan St
Arunachal Pradesh,Upper Subansiri,Siyum Adc
Madhya Pradesh,Katni,Sleemnabad
Andhra Pradesh,Y.S.R. Kadapa,S.Mydukur
Telangana,Nirmal,Soan
Andhra Pradesh,Annamayya,Sodam
Maharashtra,Chhatrapati Sambhajinagar,Soegaon
Arunachal Pradesh,Tirap,Soha Circle
Madhya Pradesh,Shahdol,Sohagpur
Madhya Pradesh,Narmadapuram,Sohagpur
Uttar Pradesh,Ayodhya,Sohawal
Odisha,Bargarh,Sohela
Meghalaya,East Khasi Hills,Sohiong
Haryana,Gurugram,Sohna
Rajasthan,Pali,Sojat
Gujarat,Anand,Sojitra
Himachal Pradesh,Solan,Solan
Maharashtra,Solapur,Solapur North
Maharashtra,Solapur,Solapur South
Andhra Pradesh,Annamayya,Somala
Andhra Pradesh,Sri Sathya Sai,Somandepalli
Uttarakhand,Almora,Someshwar
Andhra Pradesh,Srikakulam,Sompeta
Karnataka,Kodagu,Somvarpet
Jharkhand,Ranchi,Sonahatu
Assam,Cachar,Sonai
Chhattisgarh,Balodabazar-Bhatapara,Sonakhan
Telangana,Adilabad,Sonala
West Bengal,Bankura,Sonamukhi
Tripura,Sepahijala,Sonamura
Assam,Kamrup Metro,Sonapur
Odisha,Sonepur,Sonapur
Jharkhand,Deoghar,Sona Rai Tharhi
Assam,Charaideo,Sonari
West Bengal,South 24 Parganas,Sonarpur
Jammu And Kashmir,Bandipora,Sonawari
Bihar,Sitamarhi,Sonbarsa
Bihar,Saharsa,Sonbarsa
Bihar,Arwal,Sonbhadra Banshi Suryapur
Madhya Pradesh,Alirajpur,Sondawa
Bihar,Saran,Sonepur
Gujarat,Tapi,Songadh
Meghalaya,East Garo Hills,Songsak
Manipur,Senapati,Song Song
Chhattisgarh,Korea,Sonhat
Bihar,Bhagalpur,Sonhaula
Haryana,Sonipat,Sonipat
Madhya Pradesh,Dewas,Sonkatch
Bihar,Jamui,Sono
Maharashtra,Parbhani,Sonpeth
Jharkhand,West Singhbhum,Sonua
Jammu And Kashmir,Baramulla,Sopore
Karnataka,Shivamogga,Sorab
Uttar Pradesh,Prayagraj,Soraon
Sikkim,Soreng,Soreng
Odisha,Balasore,Soro
Nagaland,Shamator,Sotokur
Assam,South Salmara Mancachar,South Salmara
Assam,Dhubri,South Salmara Pt
Madhya Pradesh,Agar-Malwa,Soyatkala
Himachal Pradesh,Lahaul And Spiti,Spiti
Andhra Pradesh,Anakapalli,S.Rayavaram
Andhra Pradesh,Y.S.R. Kadapa,Sri Avadhutha Kasinayana
Rajasthan,Bikaner,Sridungargarh
Jammu And Kashmir,Anantnag,Srigufwara
Assam,Bongaigaon,Srijangram
Andhra Pradesh,Srikakulam,Srikakulam
Andhra Pradesh,Tirupati,Srikalahasti
Punjab,Sri Muktsar Sahib,Sri Muktsar Sahib
Tamil Nadu,Cuddalore,Srimushnam
Uttarakhand,Pauri Garhwal,Srinagar
Bihar,Purnia,Srinagar
Jammu And Kashmir,Srinagar,Srinagar Central
Jammu And Kashmir,Srinagar,Srinagar North
Jammu And Kashmir,Srinagar,Srinagar South
Karnataka,Chikkamagaluru,Sringeri
Karnataka,Kolar,Srinivaspur
Tamil Nadu,Kancheepuram,Sriperumbudur
Telangana,Peddapalli,Srirampur
Tamil Nadu,Tiruchirappalli,Srirangam
Telangana,Wanaparthy,Srirangapur
Andhra Pradesh,Chittoor,Srirangarajapuram
Andhra Pradesh,Nandyal,Srisailam
Tamil Nadu,Thoothukkudi,Srivaikuntam
Tamil Nadu,Virudhunagar,Srivilliputhur
Andhra Pradesh,Vizianagaram,Srungavarapukota
Manipur,Churachandpur,Suangdoh
Uttar Pradesh,Rampur,Suar
Assam,Lakhimpur,Subansiri (Pt-I)
Odisha,Sundargarh,Subdega
Gujarat,Dangs,Subir
Jammu And Kashmir,Jammu,Suchetgarh
Maharashtra,Raigad,Sudhagad
Bihar,Purbi Champaran,Sugauli
Rajasthan,Pratapgarh,Suhagpura
Chhattisgarh,Balodabazar-Bhatapara,Suhela
Gujarat,Vav-Tharad,Suigam
Rajasthan,Churu,Sujangarh
Telangana,Bhadradri Kothagudem,Sujathanagar
Gujarat,Dahod,Sukhsar
Odisha,Jajpur,Sukinda
Chhattisgarh,Sukma,Sukma
Odisha,Mayurbhanj,Sukruli
Himachal Pradesh,Kangra,Sulah
Odisha,Mayurbhanj,Suliapada
Andhra Pradesh,Tirupati,Sullurpeta
Uttarakhand,Almora,Sult
Bihar,Bhagalpur,Sultanganj
Madhya Pradesh,Raisen,Sultan-Ganj
Uttar Pradesh,Sultanpur,Sultanpur
Madhya Pradesh,Raisen,Sultanpur
Punjab,Kapurthala,Sultanpur Lodhi
Telangana,Peddapalli,Sulthanabad
Kerala,Wayanad,Sulthanbathery
Tamil Nadu,Coimbatore,Sulur
Karnataka,Dakshina Kannada,Sulya
Rajasthan,Pali,Sumerpur
Ladakh,Leh Ladakh,Sumoor
Punjab,Sangrur,Sunam
Odisha,Sundargarh,Sundargarh
Himachal Pradesh,Mandi,Sundarnagar
Jharkhand,Godda,Sundarpahari
Jammu And Kashmir,Rajouri,Sunderbani
Rajasthan,Jhalawar,Sunel
Nagaland,Wokha,Sungro
Himachal Pradesh,Shimla,Sunni
Arunachal Pradesh,Lohit,Sunpura Circle
Karnataka,Uttara Kannada,Supa
Bihar,Supaul,Supaul
Bihar,Sitamarhi,Suppi
Odisha,Ganjam,Surada
Rajasthan,Jhunjhunu,Surajgarh
Bihar,Lakhisarai,Surajgarha
Chhattisgarh,Surajpur,Surajpur
Jammu And Kashmir,Poonch,Surankote
Rajasthan,Ganganagar,Suratgarh
Gujarat,Surendranagar,Surendranagar City
Maharashtra,Nashik,Surgana
West Bengal,Birbhum,Suri - I
West Bengal,Birbhum,Suri - II
Jharkhand,Giridih,Suriya
Rajasthan,Karauli,Suroth
Bihar,Sitamarhi,Sursand
Nagaland,Zunheboto,Suruhuto
Telangana,Suryapet,Suryapet
Bihar,Rohtas,Suryapura
Madhya Pradesh,Agar-Malwa,Susner
West Bengal,Purba Medinipur,Sutahata
Madhya Pradesh,Rajgarh,Suthaliya
West Bengal,Murshidabad,Suti - I
West Bengal,Murshidabad,Suti - II
Gujarat,Gir Somnath,Sutrapada
Madhya Pradesh,Mandsaur,Suwasara
West Bengal,North 24 Parganas,Swarupnagar
Uttarakhand,Almora,Syalde
Andhra Pradesh,Sri Potti Sriramulu Nellore,Sydapuram
Andhra Pradesh,Tirupati,Tada
Andhra Pradesh,Guntur,Tadepalli
Andhra Pradesh,West Godavari,Tadepalligudem
Andhra Pradesh,Guntur,Tadikonda
Andhra Pradesh,Sri Sathya Sai,Tadimarri
Andhra Pradesh,Ananthapuramu,Tadipatri
Telangana,Nagarkurnool,Tadoor
Manipur,Senapati,Tadubi
Telangana,Mulugu,Tadvai
Telangana,Kamareddy,Tadwai
Uttar Pradesh,Jhansi,Tahrauli
Ladakh,Kargil,Taisuru
Bihar,Samastipur,Tajpur
Uttar Pradesh,Etawah,Takha
Chhattisgarh,Bilaspur,Takhatpur
Himachal Pradesh,Shimla,Taklech
Arunachal Pradesh,Upper Subansiri,Taksing Circle
Madhya Pradesh,Ratlam,Tal
Maharashtra,Raigad,Tala
Gujarat,Bhavnagar,Talaja
Gujarat,Gir Somnath,Talala
Telangana,Adilabad,Talamadugu
Kerala,Thrissur,Talappilly
Maharashtra,Palghar,Talasari
Rajasthan,Sawai Madhopur,Talawara
Uttar Pradesh,Lalitpur,Talbehat
Odisha,Angul,Talcher
West Bengal,Bankura,Taldangra
Rajasthan,Bundi,Talera
Arunachal Pradesh,Kra Daadi,Tali Adc
Arunachal Pradesh,Upper Subansiri,Taliha Adc
Karnataka,Vijayapura,Talikoti
Kerala,Kannur,Taliparamba
Jharkhand,Sahebganj,Taljhari
Andhra Pradesh,East Godavari,Tallapudi
Andhra Pradesh,Kakinada,Tallarevu
Gujarat,Sabar Kantha,Talod
Maharashtra,Nandurbar,Talode
Andhra Pradesh,Sri Sathya Sai,Talupula
Punjab,Bathinda,Talwandi Sabo
Jharkhand,Ranchi,Tamar I
Tamil Nadu,Chengalpattu,Tambaram
Manipur,Tamenglong,Tamenglong
Manipur,Tamenglong,Tamenglong North
Manipur,Tamenglong,Tamenglong West
Madhya Pradesh,Chhindwara,Tamia
Uttar Pradesh,Kushinagar,Tamkuhi Raj
Nagaland,Longleng,Tamlu
West Bengal,Purba Medinipur,Tamluk
Chhattisgarh,Raigarh,Tamnar
Telangana,Adilabad,Tamsi
Assam,Tamulpur,Tamulpur
Andhra Pradesh,Sri Sathya Sai,Tanakal
Punjab,Hoshiarpur,Tanda
Uttar Pradesh,Ambedkar Nagar,Tanda
Uttar Pradesh,Rampur,Tanda
Telangana,Vikarabad,Tandur
Telangana,Mancherial,Tandur
Jharkhand,Chatra,Tandwa
Odisha,Sundargarh,Tangarpali
Odisha,Khordha,Tangi
Odisha,Cuttack,Tangi-Choudwar
Jammu And Kashmir,Baramulla,Tangmarg
Andhra Pradesh,Prakasam,Tangutur
Gujarat,Morbi,Tankara
Bihar,Gaya,Tan Kuppa
Telangana,Nirmal,Tanoor
Madhya Pradesh,Gwalior,Tansen
Jharkhand,West Singhbhum,Tantnagar
Rajasthan,Ajmer,Tantoti
Andhra Pradesh,West Godavari,Tanuku
Haryana,Nuh,Taoru
Punjab,Barnala,Tapa
West Bengal,Dakshin Dinajpur,Tapan
Himachal Pradesh,Kinnaur,Tapri
Rajasthan,Khairthal-Tijara,Tapukara
Uttar Pradesh,Gonda,Tarabganj
Bihar,Saran,Taraiya
West Bengal,Hooghly,Tarakeswar
Arunachal Pradesh,Kra Daadi,Tarak Lengdi Cicle
Madhya Pradesh,Ujjain,Tarana
Rajasthan,Churu,Taranagar
Gujarat,Anand,Tarapur
Bihar,Munger,Tarapur
Bihar,Bhojpur,Tarari
Arunachal Pradesh,Papum Pare,Taraso Circle
Odisha,Sonepur,Tarbha
Bihar,Darbhanga,Tardih
Jharkhand,Palamu,Tarhasi
Bihar,Sheohar,Tariani Chowk
Karnataka,Chikkamagaluru,Tarikere
Andhra Pradesh,Markapuram,Tarlupadu
Punjab,Tarn Taran,Tarn Taran
Jammu And Kashmir,Rajouri,Taryath
Maharashtra,Sangli,Tasgaon
Rajasthan,Beawar,Tatgarh
Jharkhand,Hazaribagh,Tati Jhariya
Arunachal Pradesh,Shi Yomi,Tato Eac
Himachal Pradesh,Hamirpur,Tauni Devi Bamson
Arunachal Pradesh,Tawang,Tawang Hq
Bihar,Begusarai,Teghra
West Bengal,Nadia,Tehatta - I
West Bengal,Nadia,Tehatta - II
Rajasthan,Alwar,Tehla
Uttarakhand,Tehri Garhwal,Tehri
Uttarakhand,Pithoragarh,Tejam
Andhra Pradesh,Srikakulam,Tekkali
Telangana,Medak,Tekmal
Telangana,Bhadradri Kothagudem,Tekulapalli
Telangana,Jayashankar Bhupalapally,Tekumatla
Maharashtra,Akola,Telhara
Tripura,Khowai,Teliamura
Himachal Pradesh,Chamba,Telka
Telangana,Nagarkurnool,Telkapally
Odisha,Keonjhar,Telkoi
Andhra Pradesh,Guntur,Tenali
Madhya Pradesh,Narsimhapur,Tendukheda
Madhya Pradesh,Damoh,Tendukheda
Assam,Dibrugarh,Tengakhat
Manipur,Tengnoupal,Tengnoupal
Nagaland,Peren,Tening
Tamil Nadu,Tenkasi,Tenkasi
Odisha,Nabarangpur,Tentulikhunti
Assam,Jorhat,Teok
Madhya Pradesh,Rewa,Teonthar
Karnataka,Bagalkote,Terdal
Bihar,Kishanganj,Terhagachh
Bihar,Purbi Champaran,Tetaria
Bihar,Munger,Tetiha Bambor
Assam,Sonitpur,Tezpur
Arunachal Pradesh,Lohit,Tezu Hq
Himachal Pradesh,Mandi,Thachi
Meghalaya,West Jaintia Hills,Thadlaskein
Uttarakhand,Pauri Garhwal,Thailisain
Bihar,Pashchim Champaran,Thakrahan
Jammu And Kashmir,Reasi,Thakrakote
Himachal Pradesh,Kangra,Thakurdwara
Uttar Pradesh,Moradabad,Thakurdwara
Jharkhand,Godda,Thakurgangti
Bihar,Kishanganj,Thakurganj
Odisha,Mayurbhanj,Thakurmunda
West Bengal,South 24 Parganas,Thakurpukur Mahestola
Uttarakhand,Pithoragarh,Thal
Tamil Nadu,Salem,Thalaivasal
Telangana,Ranga Reddy,Thalakondapally
Kerala,Kannur,Thalassery
Tamil Nadu,Erode,Thalavadi
Telangana,Khammam,Thallada
Andhra Pradesh,Prakasam,Thallur
Kerala,Kozhikode,Thamarassery
Andhra Pradesh,Annamayya,Thamballapalle
Rajasthan,Alwar,Thanagazi
Jammu And Kashmir,Rajouri,Thana Mandi
Madhya Pradesh,Jhabua,Thandla
Tamil Nadu,Tiruvannamalai,Thandrampet
Maharashtra,Thane,Thane
Haryana,Kurukshetra,Thanesar
Gujarat,Surendranagar,Thangadh
Telangana,Rajanna Sircilla,Thangallapalli
Tamil Nadu,Thanjavur,Thanjavur
Chhattisgarh,Bemetara,Thankhamariya
Manipur,Pherzawl,Thanlon
Gujarat,Vav-Tharad,Tharad
Uttarakhand,Chamoli,Tharali
Tamil Nadu,Mayiladuthurai,Tharangambadi
Telangana,Jangoan,Tharigoppula
Bihar,Nalanda,Tharthari
Gujarat,Kheda,Thasra
Jammu And Kashmir,Doda,Thathri
Andhra Pradesh,Chittoor,Thavanampalle
Bihar,Gopalganj,Thawe
Assam,Sonitpur,Thelamara
Arunachal Pradesh,West Kameng,Thembang Circle
Tamil Nadu,Theni,Theni
Himachal Pradesh,Shimla,Theog
Andhra Pradesh,Vizianagaram,Therlam
Jharkhand,Simdega,Thethaitangar
Madhya Pradesh,Barwani,Thikri
Telangana,Nagarkurnool,Thimmajipet
Telangana,Karimnagar,Thimmapur LMD
Arunachal Pradesh,Tawang,Thingbu Circle
Mizoram,Kolasib,Thingdawl
Mizoram,Aizawl,Thingsulthliah
Telangana,Nalgonda,Thipparthy
Tamil Nadu,Nagapattinam,Thirukkuvalai
Telangana,Suryapet,Thirumalagiri
Tamil Nadu,Madurai,Thirumangalam
Tamil Nadu,Pudukkottai,Thirumayam
Puducherry,Karaikal,Thirunallar
Tamil Nadu,Madurai,Thirupparankundram
Tamil Nadu,Sivaganga,Thiruppathur
Tamil Nadu,Sivaganga,Thiruppuvanam
Tamil Nadu,Thiruvarur,Thiruthuraipoondi
Tamil Nadu,Thanjavur,Thiruvaiyaru
Kerala,Pathanamthitta,Thiruvalla
Tamil Nadu,Thiruvallur,Thiruvallur
Kerala,Thiruvananthapuram,Thiruvananthapuram
Tamil Nadu,Thiruvarur,Thiruvarur
Tamil Nadu,Kanniyakumari,Thiruvattar
Tamil Nadu,Viluppuram,Thiruvennainallur
Tamil Nadu,Tiruchirappalli,Thiruverumbur
Tamil Nadu,Thanjavur,Thiruvidaimarudur
Tamil Nadu,Thanjavur,Thiruvonam
Kerala,Idukki,Thodupuzha
Telangana,Siddipet,Thoguta
Andhra Pradesh,Kakinada,Thondangi
Andhra Pradesh,Y.S.R. Kadapa,Thondur
Nagaland,Noklak,Thonoknyu
Tamil Nadu,Thoothukkudi,Thoothukkudi
Telangana,Mahabubabad,Thorrur
Andhra Pradesh,Sri Potti Sriramulu Nellore,Thotapalligudur
Andhra Pradesh,Krishna,Thotlavalluru
Andhra Pradesh,Tirupati,Thottambedu
Tamil Nadu,Tiruchirappalli,Thottiyam
Manipur,Thoubal,Thoubal
Tamil Nadu,Kanniyakumari,Thovala
Kerala,Thrissur,Thrissur
Arunachal Pradesh,West Kameng,Thrizino Adc
Odisha,Kalahandi,Thuamul Rampur
Andhra Pradesh,Guntur,Thulluru
Himachal Pradesh,Mandi,Thunag
Telangana,Suryapet,Thungaturthy
Tamil Nadu,Tiruchirappalli,Thuraiyur
Himachal Pradesh,Kangra,Thural
Telangana,Yadadri Bhuvanagiri,Thurkapally
Jammu And Kashmir,Reasi,Thuroo
Rajasthan,Hanumangarh,Tibbi
Haryana,Faridabad,Tigaon St
Odisha,Cuttack,Tigiria
Odisha,Bhadrak,Tihidi
Himachal Pradesh,Mandi,Tihra
Assam,Nalbari,Tihu (Pt)
Rajasthan,Khairthal-Tijara,Tijara
Odisha,Kandhamal,Tikabali
Madhya Pradesh,Tikamgarh,Tikamgarh
Himachal Pradesh,Shimla,Tikar
Bihar,Gaya,Tikari
Arunachal Pradesh,Changlang,Tikhak Rima Putok Circle
Himachal Pradesh,Mandi,Tikken
Karnataka,Vijayapura,Tikota
Meghalaya,West Garo Hills,Tikrikilla
Gujarat,Narmada,Tilakwada
Chhattisgarh,Raipur,Tilda
Uttar Pradesh,Shahjahanpur,Tilhar
Uttar Pradesh,Amethi,Tiloi
Bihar,Rohtas,Tilouthu
Madhya Pradesh,Harda,Timarni
Arunachal Pradesh,Lower Dibang Valley,Tinali Paglam Circle
Tamil Nadu,Viluppuram,Tindivanam
Assam,Dibrugarh,Tingkhong
Assam,Tinsukia,Tinsukia
Rajasthan,Jodhpur,Tinwari
Maharashtra,Amravati,Tiosa
Mizoram,Siaha,Tipa
Manipur,Pherzawl,Tipaimukh
Karnataka,Tumakuru,Tiptur
Himachal Pradesh,Hamirpur,Tira Sujanpur
Arunachal Pradesh,Leparada,Tirbin Eac
Odisha,Mayurbhanj,Tiring
Madhya Pradesh,Balaghat,Tirodi
Maharashtra,Gondia,Tirora
Karnataka,Shivamogga,Tirthahalli
Odisha,Jagatsinghapur,Tirtol
Tamil Nadu,Thoothukkudi,Tiruchendur
Tamil Nadu,Namakkal,Tiruchengode
Tamil Nadu,Tiruchirappalli,Tiruchirappalli East
Tamil Nadu,Tiruchirappalli,Tiruchirappalli West
Tamil Nadu,Virudhunagar,Tiruchuli
Tamil Nadu,Chengalpattu,Tirukalukundram
Tamil Nadu,Kallakurichi,Tirukkoyilur
Karnataka,Mysuru,Tirumakudal - Narsipur
Telangana,Nalgonda,Tirumalagiri Sagar
Telangana,Khammam,Tirumalayapalem
Telangana,Hyderabad,Tirumalgiri
Tamil Nadu,Tirunelveli,Tirunelveli
Tamil Nadu,Tirupathur,Tirupathur
Andhra Pradesh,Tirupati,Tirupati (Rural)
Andhra Pradesh,Tirupati,Tirupati (Urban)
Tamil Nadu,Chengalpattu,Tiruporur
Tamil Nadu,Tiruppur,Tiruppurnorth
Tamil Nadu,Tiruppur,Tiruppursouth
Kerala,Malappuram,Tirur
Kerala,Malappuram,Tirurangadi
Tamil Nadu,Thiruvallur,Tiruttani
Tamil Nadu,Ramanathapuram,Tiruvadanai
Tamil Nadu,Tiruvannamalai,Tiruvannamalai
Tamil Nadu,Tenkasi,Tiruvengadam
Tamil Nadu,Chennai,Tiruvottiyur
Andhra Pradesh,Ntr,Tiruvuru
Uttar Pradesh,Kannauj,Tirwa
Telangana,Kumuram Bheem Asifabad,Tiryani
Tamil Nadu,Tirunelveli,Tisayanvilai
Jharkhand,Giridih,Tisri
Goa,North Goa,Tiswadi
Assam,Jorhat,Titabor
Odisha,Balangir,Titlagarh
Tamil Nadu,Cuddalore,Tittakudi
Nagaland,Mon,Tizit
Mizoram,Lunglei,Tlabung
Mizoram,Aizawl,Tlangnuam
Andhra Pradesh,Eluru,T.Narasapuram
Nagaland,Mon,Tobu
Rajasthan,Karauli,Todabhim
Rajasthan,Tonk,Todaraisingh
Haryana,Fatehabad,Tohana
Chhattisgarh,Bastar,Tokapal
Nagaland,Zunheboto,Tokiye
Tamil Nadu,Chennai,Tondiarpet
Chhattisgarh,Sukma,Tongpal
Rajasthan,Tonk,Tonk
Madhya Pradesh,Dewas,Tonk Khurd
Jharkhand,West Singhbhum,Tonto
Rajasthan,Jaipur,Toonga
Telangana,Medak,Toopran
Jharkhand,Dhanbad,Topchanchi
Jharkhand,Khunti,Torpa
Arunachal Pradesh,Papum Pare,Toru Circle
Haryana,Bhiwani,Tosham
Jammu And Kashmir,Pulwama,Tral
Jammu And Kashmir,Kupwara,Trehgam
Kerala,Palakkad,Tribal Taluk Office Attappadi
Bihar,Supaul,Tribeniganj
Maharashtra,Nashik,Trimbakeshwar
Andhra Pradesh,Markapuram,Tripuranthakam
Telangana,Nalgonda,Tripuraram
Nagaland,Tseminyu,Tseminyu
Nagaland,Tseminyu,Tsogin
Andhra Pradesh,Y.S.R. Kadapa,T.Sundupalle
Andhra Pradesh,Bapatla,Tsunduru
Nagaland,Mokokchung,Tsurangkong
Nagaland,Shamator,Tsurungto
Nagaland,Tuensang,Tuensang Sadar
West Bengal,Cooch Behar,Tufanganj - I
West Bengal,Cooch Behar,Tufanganj - II
Andhra Pradesh,Kurnool,Tuggali
Manipur,Churachandpur,Tuibong
Jammu And Kashmir,Bandipora,Tulail
Nagaland,Mokokchung,Tuli
Maharashtra,Dharashiv,Tuljapur
Jammu And Kashmir,Ganderbal,Tullamulla Khirbhawani
Uttar Pradesh,Balrampur,Tulsipur
Karnataka,Tumakuru,Tumakuru
Maharashtra,Bhandara,Tumsar
Odisha,Kandhamal,Tumudibandha
Chhattisgarh,Balodabazar-Bhatapara,Tundara
Jharkhand,Dhanbad,Tundi
Uttar Pradesh,Firozabad,Tundla
Andhra Pradesh,Kakinada,Tuni
Bihar,Purbi Champaran,Turkaulia
Karnataka,Tumakuru,Turuvekere
Odisha,Balangir,Tusura
Arunachal Pradesh,Upper Siang,Tuting Adc
Manipur,Kangpokpi,T Vaichong
Madhya Pradesh,Vidisha,Tyonda
Uttarakhand,Dehradun,Tyuni
Haryana,Jind,Uchana
Rajasthan,Bharatpur,Uchchain
Gujarat,Tapi,Uchchhal
Bihar,Gopalganj,Uchkagaon
Tripura,Gomati,Udaipur
Himachal Pradesh,Lahaul And Spiti,Udaipur
Madhya Pradesh,Raisen,Udaipura
Rajasthan,Jhunjhunu,Udaipurwati
Odisha,Mayurbhanj,Udala
Assam,Udalguri,Udalguri
Assam,Cachar,Udarbond
Andhra Pradesh,Sri Potti Sriramulu Nellore,Udayagiri
Tamil Nadu,Ariyalur,Udayarpalayam
Madhya Pradesh,Dewas,Udaynagar
West Bengal,Howrah,Udaynarayanpur
Chhattisgarh,Surguja,Udaypur
Maharashtra,Latur,Udgir
Tamil Nadu,The Nilgiris,Udhagamandalam
Jammu And Kashmir,Udhampur,Udhampur
Gujarat,Surat,Udhna
Jharkhand,Sahebganj,Udhwa
Tamil Nadu,Tiruppur,Udumalaipettai
Kerala,Idukki,Udumbanchola
Karnataka,Udupi,Udupi
Bihar,Bhojpur,Udwant Nagar
Assam,Majuli,Ujani Majuli Circle
Bihar,Samastipur,Ujiarpur
Madhya Pradesh,Ujjain,Ujjain
Madhya Pradesh,Ujjain,Ujjain Nagar
Gujarat,Tapi,Ukai
Uttarakhand,Rudraprayag,Ukhimath
Manipur,Ukhrul,Ukhrul
Haryana,Hisar,Uklana St
Andhra Pradesh,Kakinada,U.Kothapalli
Andhra Pradesh,Prakasam,Ulavapadu
Maharashtra,Thane,Ulhasnagar
Karnataka,Dakshina Kannada,Ullala
West Bengal,Howrah,Uluberia - I
West Bengal,Howrah,Uluberia - II
Odisha,Sonepur,Ulunda
Tamil Nadu,Kallakurichi,Ulundurpettai
Maharashtra,Yavatmal,Umarkhed
Odisha,Nabarangpur,Umarkote
Gujarat,Surat,Umarpada
Gujarat,Valsad,Umbergaon
Meghalaya,Ri Bhoi,Umling
Gujarat,Bhavnagar,Umrala
Maharashtra,Nagpur,Umred
Madhya Pradesh,Chhindwara,Umreth
Gujarat,Anand,Umreth
Maharashtra,Nanded,Umri
Meghalaya,Ri Bhoi,Umsning
Uttar Pradesh,Shamli,Un
Gujarat,Gir Somnath,Una
Himachal Pradesh,Una,Una
Uttar Pradesh,Rae Bareli,Unchahar
Madhya Pradesh,Satna,Unchehara
Telangana,Jogulamba Gadwal,Undavelly
Andhra Pradesh,West Godavari,Undi
Andhra Pradesh,East Godavari,Undrajavaram
Andhra Pradesh,Krishna,Unguturu
Andhra Pradesh,Eluru,Unguturu
Madhya Pradesh,Ujjain,Unhel
Rajasthan,Tonk,Uniara
Gujarat,Mahesana,Unjha
Uttar Pradesh,Unnao,Unnao
Jharkhand,Palamu,Untari Road
Gujarat,Rajkot,Upleta
Telangana,Medchal Malkajgiri,Uppal
Andhra Pradesh,Dr. B.R. Ambedkar Konaseema,Uppalaguptam
Telangana,Nagarkurnool,Uppununthala
Maharashtra,Raigad,Uran
Andhra Pradesh,Ananthapuramu,Uravakonda
Jammu And Kashmir,Baramulla,Uri
Telangana,Nagarkurnool,Urkonda
Tamil Nadu,Madurai,Usilampatti
Chhattisgarh,Bijapur,Usur
Tamil Nadu,Theni,Uthamapalayam
Tamil Nadu,Krishnagiri,Uthangarai
Tamil Nadu,Kancheepuram,Uthiramerur
Tamil Nadu,Thiruvallur,Uthukkottai
Tamil Nadu,Tiruppur,Uthukuli
Telangana,Narayanpet,Utkoor
Telangana,Adilabad,Utnoor
Uttar Pradesh,Balrampur,Utraula
Andhra Pradesh,Nandyal,Uyyalawada
Gujarat,Sabar Kantha,Vadali
Andhra Pradesh,Tirupati,Vadamalapet
Gujarat,Banas Kantha,Vadgam
Tamil Nadu,Madurai,Vadipatti
Gujarat,Mahesana,Vadnagar
Gujarat,Vadodara,Vadodara East
Gujarat,Vadodara,Vadodara North
Gujarat,Vadodara,Vadodara Rural
Gujarat,Vadodara,Vadodara South
Gujarat,Vadodara,Vadodara West
Gujarat,Vadodara,Vaghodia
Gujarat,Bharuch,Vagra
Maharashtra,Sindhudurg,Vaibhavvadi
Maharashtra,Chhatrapati Sambhajinagar,Vaijapur
Kerala,Kottayam,Vaikom
Telangana,Nizamabad,Vailpoor
Bihar,Vaishali,Vaishali
Andhra Pradesh,Ananthapuramu,Vajrakarur
Andhra Pradesh,Srikakulam,Vajrapukotturu
Andhra Pradesh,Tirupati,Vakadu
Tamil Nadu,Thiruvarur,Valangaiman
Gujarat,Bharuch,Valia
Telangana,Yadadri Bhuvanagiri,Valigonda
Gujarat,Bhavnagar,Vallabhipur
Rajasthan,Udaipur,Vallabhnagar
Andhra Pradesh,Y.S.R. Kadapa,Vallur
Andhra Pradesh,Annamayya,Valmikipuram
Gujarat,Tapi,Valod
Tamil Nadu,Coimbatore,Valparai
Gujarat,Valsad,Valsad
Gujarat,Valsad,Valsad City
Tamil Nadu,Kallakurichi,Vanapuram
Tamil Nadu,Chengalpattu,Vandalur
Tamil Nadu,Tiruvannamalai,Vandavasi
Manipur,Pherzawl,Vangai Range
Andhra Pradesh,Vizianagaram,Vangara
Telangana,Nagarkurnool,Vangoor
Tamil Nadu,Tirupathur,Vaniyambadi
Gujarat,Junagadh,Vanthali
Tamil Nadu,Viluppuram,Vanur
Gujarat,Valsad,Vapi
Gujarat,Valsad,Vapi City
Andhra Pradesh,Tirupati,Varadaiahpalem
Uttar Pradesh,Varanasi,Varanasi Sadar
Andhra Pradesh,Polavaram,Vararamachandrapuram
Andhra Pradesh,Sri Potti Sriramulu Nellore,Varikuntapadu
Kerala,Thiruvananthapuram,Varkala
Madhya Pradesh,Barwani,Varla
Telangana,Nizamabad,Varni
Maharashtra,Palghar,Vasai
Maharashtra,Hingoli,Vasmath
Gujarat,Kheda,Vaso
Kerala,Kozhikode,Vatakara
Telangana,Sangareddy,Vatpally
Andhra Pradesh,Ntr,Vatsavai
Andhra Pradesh,Guntur,Vatticherukuru
Gujarat,Ahmedabad,Vatva
Gujarat,Vav-Tharad,Vav
Tamil Nadu,Salem,Vazhapadi
Tamil Nadu,Nagapattinam,Vedaranyam
Tamil Nadu,Dindigul,Vedasandur
Andhra Pradesh,Chittoor,Vedurukuppam
Telangana,Karimnagar,Veenavanka
Andhra Pradesh,Y.S.R. Kadapa,Veeraballe
Andhra Pradesh,Parvathipuram Manyam,Veeraghattam
Tamil Nadu,Tenkasi,Veerakeralamputhur
Andhra Pradesh,Y.S.R. Kadapa,Veerapunayunipalle
Andhra Pradesh,West Godavari,Veeravasaram
Telangana,Rajanna Sircilla,Veernapalli
Andhra Pradesh,Ntr,Veerullapadu
Gujarat,Ahmedabad,Vejalpur
Tamil Nadu,Chennai,Velachery
Telangana,Hanumakonda,Velair
Andhra Pradesh,Eluru,Velairpadu
Telangana,Nagarkurnool,Veldanda
Andhra Pradesh,Palnadu,Veldurthy
Andhra Pradesh,Kurnool,Veldurthy
Telangana,Jagitial,Velgatur
Maharashtra,Pune,Velhe
Andhra Pradesh,Markapuram,Veligandla
Kerala,Kasaragod,Vellarikkundu
Tamil Nadu,Vellore,Vellore
Andhra Pradesh,Nandyal,Velugodu
Telangana,Mancherial,Vemanpally
Tamil Nadu,Tiruvannamalai,Vembakkam
Tamil Nadu,Virudhunagar,Vembakottai
Andhra Pradesh,Y.S.R. Kadapa,Vempalli
Telangana,Khammam,Vemsoor
Andhra Pradesh,Y.S.R. Kadapa,Vemula
Telangana,Nalgonda,Vemulapally
Telangana,Rajanna Sircilla,Vemulawada
Telangana,Rajanna Sircilla,Vemulawada Rural
Andhra Pradesh,Bapatla,Vemuru
Maharashtra,Sindhudurg,Vengurla
Andhra Pradesh,Sri Potti Sriramulu Nellore,Venkatachalam
Andhra Pradesh,Tirupati,Venkatagiri
Andhra Pradesh,Chittoor,Venkatagirikota
Telangana,Mulugu,Venkatapur
Telangana,Mulugu,Venkatapuram
Andhra Pradesh,Vizianagaram,Vepada
Tamil Nadu,Perambalur,Veppanthattai
Tamil Nadu,Cuddalore,Veppur
Gujarat,Gir Somnath,Veraval City
Andhra Pradesh,Bapatla,Vetapalem
Andhra Pradesh,Ananthapuramu,Vidapanakal
Andhra Pradesh,Sri Potti Sriramulu Nellore,Vidavalur
Madhya Pradesh,Vidisha,Vidisha
Madhya Pradesh,Vidisha,Vidisha Nagar
Bihar,Samastipur,Vidyapati Nagar
Rajasthan,Beawar,Vijainagar
Rajasthan,Ganganagar,Vijainagar
Gujarat,Mahesana,Vijapur
Karnataka,Vijayapura,Vijayapura
Andhra Pradesh,Chittoor,Vijayapuram
Andhra Pradesh,Ntr,Vijayawada Central
Andhra Pradesh,Ntr,Vijayawada East
Andhra Pradesh,Ntr,Vijayawada North
Andhra Pradesh,Ntr,Vijayawada (Rural)
Andhra Pradesh,Ntr,Vijayawada West
Gujarat,Sabar Kantha,Vijaynagar
Jammu And Kashmir,Samba,Vijaypur
Madhya Pradesh,Sheopur,Vijaypur
Madhya Pradesh,Katni,Vijayraghavgarh
Arunachal Pradesh,Changlang,Vijoynagar Eac
Telangana,Vikarabad,Vikarabad
Uttarakhand,Dehradun,Vikas Nagar
Delhi,West,Vikaspuri
Maharashtra,Palghar,Vikramgad
Tamil Nadu,Viluppuram,Vikravandi
Tamil Nadu,Thoothukkudi,Vilathikulam
Tamil Nadu,Kanniyakumari,Vilavancode
Jammu And Kashmir,Kupwara,Villgam
Puducherry,Puducherry,Villianur
Tamil Nadu,Viluppuram,Viluppuram
Gujarat,Rajkot,Vinchchiya
Andhra Pradesh,Sri Potti Sriramulu Nellore,Vinjamur
Andhra Pradesh,Palnadu,Vinukonda
Karnataka,Kodagu,Virajpet
Tamil Nadu,Pudukkottai,Viralimalai
Gujarat,Ahmedabad,Viramgam
Rajasthan,Kotputli-Behror,Viratnagar
Gujarat,Mahisagar,Virpur
Tamil Nadu,Cuddalore,Virudhachalam
Tamil Nadu,Virudhunagar,Virudhunagar
Andhra Pradesh,Visakhapatnam,Visakhapatnam (Rural)
Gujarat,Junagadh,Visavadar
West Bengal,Bankura,Vishnupur
Delhi,East,Vishwas Nagar
Gujarat,Mahesana,Visnagar
Andhra Pradesh,Ntr,Vissannapeta
Andhra Pradesh,Vizianagaram,Vizianagaram Rural
Andhra Pradesh,Vizianagaram,Vizianagaram Urban
Nagaland,Zunheboto,V.K.
Andhra Pradesh,Prakasam,Voletivaripalem
Andhra Pradesh,Y.S.R. Kadapa,Vontimitta
Telangana,Karimnagar,V.Saidapur
Andhra Pradesh,Krishna,Vuyyuru
Gujarat,Tapi,Vyara
Odisha,Jajpur,Vyasanagar
Kerala,Wayanad,Vythiri
Maharashtra,Palghar,Wada
Karnataka,Yadgir,Wadagera
Telangana,Jogulamba Gadwal,Waddepally
Gujarat,Surendranagar,Wadhwan
Chhattisgarh,Balrampur-Ramanujganj,Wadrafnagar
Maharashtra,Beed,Wadwani
Gujarat,Dangs,Waghai
Jammu And Kashmir,Baramulla,Wagoora
Maharashtra,Satara,Wai
Manipur,Kakching,Waikhong
Telangana,Mulugu,Wajedu
Nagaland,Mon,Wakching
Arunachal Pradesh,Longding,Wakka Sdo
Jammu And Kashmir,Ganderbal,Wakoora
Arunachal Pradesh,Lohit,Wakro Circle
Tamil Nadu,Kancheepuram,Walajabad
Tamil Nadu,Ranipet,Wallajah
Arunachal Pradesh,Anjaw,Walong Circle
Maharashtra,Sangli,Walwa
Telangana,Wanaparthy,Wanaparthy
Manipur,Imphal West,Wangoi
Maharashtra,Yavatmal,Wani
Gujarat,Morbi,Wankaner
Telangana,Kumuram Bheem Asifabad,Wankidi
Meghalaya,East Jaintia Hills,Wapung
Telangana,Warangal,Warangal
Madhya Pradesh,Balaghat,Waraseoni
Maharashtra,Wardha,Wardha
Telangana,Warangal,Wardhannapet
Telangana,Siddipet,Wargal
Bihar,Nawada,Warisaliganj
Bihar,Samastipur,Warisnagar
Maharashtra,Chandrapur,Warora
Maharashtra,Amravati,Warud
Jammu And Kashmir,Kishtwar,Warwan
Maharashtra,Dharashiv,Washi
Maharashtra,Washim,Washim
Jammu And Kashmir,Baramulla,Watergam
Tamil Nadu,Virudhunagar,Watrap
Rajasthan,Sawai Madhopur,Wazeerpur
Haryana,Gurugram,Wazirabad St
Bihar,Gaya,Wazirganj
Telangana,Wanaparthy,Weepangandla
Rajasthan,Bharatpur,Weir
Mizoram,Mamit,West Phaileng
Nagaland,Meluri,Weziho
Manipur,Senapati,Willong
Nagaland,Wokha,Wokha Sadar
Nagaland,Wokha,Wozhuro
Telangana,Khammam,Wyra
Telangana,Ranga Reddy,Yacharam
Arunachal Pradesh,Keyi Panyor,Yachuli Adc
Telangana,Yadadri Bhuvanagiri,Yadagirigutta
Andhra Pradesh,Chittoor,Yadamarri
Karnataka,Yadgir,Yadgir
Andhra Pradesh,Ananthapuramu,Yadiki
Karnataka,Kalaburagi,Yadrami
Uttarakhand,Pauri Garhwal,Yamkeshwar
Delhi,North East,Yamuna Vihar
Puducherry,Puducherry,Yanam
Sikkim,Namchi,Yangang
Arunachal Pradesh,Kra Daadi,Yangte Circle
Karnataka,Belagavi,Yaragatti
Jammu And Kashmir,Kulgam,Yaripora
Arunachal Pradesh,Changlang,Yatdam Circle
Maharashtra,Yavatmal,Yavatmal
Maharashtra,Jalgaon,Yawal
Arunachal Pradesh,Keyi Panyor,Yazali Circle
Telangana,Nizamabad,Yedapally
Andhra Pradesh,Bapatla,Yeddana Pudi
Telangana,Wanaparthy,Yedula
Karnataka,Bengaluru Urban,Yelahanka
Telangana,Vikarabad,Yelal
Andhra Pradesh,West Godavari,Yelamanchili
Andhra Pradesh,Anakapalli,Yelamanchili
Karnataka,Chamarajanagar,Yelandur
Karnataka,Koppal,Yelbarga
Telangana,Medak,Yeldurthy
Andhra Pradesh,Kakinada,Yeleswaram
Telangana,Bhadradri Kothagudem,Yellandu
Andhra Pradesh,Ananthapuramu,Yellanur
Karnataka,Uttara Kannada,Yellapur
Telangana,Rajanna Sircilla,Yellareddipet
Telangana,Kamareddy,Yellareddy
Andhra Pradesh,Kurnool,Yemmiganur
Tamil Nadu,Salem,Yercaud
Telangana,Nizamabad,Yergatla
Andhra Pradesh,Tirupati,Yerpedu
Andhra Pradesh,Markapuram,Yerragondapalem
Andhra Pradesh,Y.S.R. Kadapa,Yerraguntla
Telangana,Jogulamba Gadwal,Yerravalli
Andhra Pradesh,Tirupati,Yerravaripalem
Telangana,Khammam,Yerrupalem
Andhra Pradesh,Polavaram,Yetapaka
Maharashtra,Nashik,Yevla
Arunachal Pradesh,Upper Siang,Yingkiong Circle
Arunachal Pradesh,West Siang,Yomcha Adc
Nagaland,Longleng,Yongnyah
Andhra Pradesh,Polavaram,Y. Ramavaram
Sikkim,Gyalshing,Yuksom
Jammu And Kashmir,Kupwara,Zachaldara
Telangana,Jangoan,Zaffergadh
Telangana,Sangareddy,Zahirabad
Jammu And Kashmir,Shopian,Zainapora
Jammu And Kashmir,Baramulla,Zaingeer
Uttar Pradesh,Ghazipur,Zamania
Ladakh,Kargil,Zanskar
Maharashtra,Yavatmal,Zari-Jamani
Andhra Pradesh,Prakasam,Zarugumalli
Mizoram,Mamit,Zawlnuam
Arunachal Pradesh,Tawang,Zemithang Circle
Meghalaya,South West Garo Hills,Zikzak
Punjab,Ferozepur,Zira
Bihar,Siwan,Ziradei
Arunachal Pradesh,Lower Subansiri,Ziro Hq
Nagaland,Phek,Zuketsa
Nagaland,Zunheboto,Zunheboto Sadar
